,A,B,C,D
2000-01-01,-1.5426933899053352,0.4461971067564306,0.04686043540688524,-0.5781698040059813
2000-01-02,-1.478742153210735,1.8896511758695047,0.5863880194621585,1.8319994137856201
2000-01-03,-2.5076670828148133,2.1939267182905486,0.6565654961982097,2.520591688088165
2000-01-04,-3.72470194455952,2.7677782078996787,0.3875321157348002,4.335059037882495
2000-01-05,-3.636071222936826,1.040740128565941,0.6364243427470861,2.464254808167709
2000-01-06,-5.0765157407938855,-0.9347962329341422,0.7513033904868052,2.8418383870942456
2000-01-07,-5.598562354743548,-0.8233460837969762,1.2575818244817676,3.284573487804684
2000-01-08,-5.5582739406612625,-1.8967142337123444,0.45134449236786345,4.078294561660426
2000-01-09,-5.274126614134986,-1.5112199125090804,0.4938977029455781,4.506038379585313
2000-01-10,-7.652452628111185,-1.5184275749742608,0.4120864890904909,4.46228714860636
2000-01-11,-7.8401496741627215,-0.6656123695151254,-1.0833734727804407,3.2593576542457505
2000-01-12,-7.073467176793189,-0.5827753779916842,-0.6284182607111437,4.829192176841417
2000-01-13,-8.423844706716103,-2.0000543687727794,-1.4396563495110861,5.440872050011557
2000-01-14,-8.192974578357243,-4.60361196626901,0.019513080479052425,4.97682148527038
2000-01-15,-7.289590796354967,-4.291870845190488,1.3575233871250247,5.631908974186662
2000-01-16,-6.944365746142281,-4.805869488805116,-1.252618478782226,6.219790787702119
2000-01-17,-7.00529158295915,-3.208561903799762,-2.1573651904197186,4.412444938595141
2000-01-18,-4.55053818079887,-4.075478600244779,-3.14650430621523,3.8192965568202046
2000-01-19,-5.167517229285393,-4.001983885750877,-3.569615229556293,5.754384571703956
2000-01-20,-7.186927750737798,-4.0427405444161835,-3.1267999609063777,4.296835788657873
2000-01-21,-8.690092328361311,-5.192128477554815,-0.8023374422808662,3.8283282197794053
2000-01-22,-10.0286137691911,-6.821878834148489,0.1066701286679047,3.5946400080906433
2000-01-23,-8.89395341164323,-5.27977821308843,2.678379019129712,2.31985279942824
2000-01-24,-7.575287403479303,-6.371637012711574,3.2515728644540167,3.6367737848723434
2000-01-25,-7.026232648038417,-7.426956303415043,2.531825370086578,4.572977488520982
2000-01-26,-8.833120247997416,-6.835767043023156,2.0285612164704276,5.384529417365771
2000-01-27,-9.59614486166094,-5.793050945252449,2.8786910962716,5.489866617560178
2000-01-28,-8.688523544243873,-9.085770908039551,2.0278668040234376,4.676410598190701
2000-01-29,-8.807725197284084,-9.018435401672257,1.9697061795739639,3.597910926776308
2000-01-30,-8.816690053245035,-9.381914739560354,-0.020245662658498587,2.7629317721514686
2000-01-31,-8.274834091947532,-9.652913963414363,-1.151146073428415,3.329727312093133
2000-02-01,-7.919262992944813,-10.608980303967416,-2.2895748408153507,4.092674573470316
2000-02-02,-7.36737631086504,-10.384526407185584,-2.61529590594377,2.7939620516393013
2000-02-03,-8.115597863105048,-9.001942730876655,-2.9791789629731538,0.9758777206094063
2000-02-04,-8.67889526025639,-10.603486474223056,-4.411870235629878,2.5642440772403736
2000-02-05,-7.8270398083615245,-10.622315515577368,-2.9706647281919842,2.2695549081989825
2000-02-06,-7.799257989461658,-12.003582890110694,-2.100007428907306,3.33227058498943
2000-02-07,-6.5934808929779996,-12.962041725550893,-3.2394388174087747,4.105643511458664
2000-02-08,-6.309219724914505,-11.537931797044777,-2.2555528641772273,2.202369478715747
2000-02-09,-5.188843183680059,-11.934805862807394,-1.9333904953499172,2.7127448395900795
2000-02-10,-4.032377938973958,-12.338585141749883,-1.7678918352117237,2.4332385538337076
2000-02-11,-3.0739989762552185,-12.906031694800626,-1.1873595015649574,2.277232329547856
2000-02-12,-1.9766356202281068,-12.471971001671909,-1.3874703943844784,3.4379818079697406
2000-02-13,-3.07272375424629,-11.437702006407575,-0.6778020892143675,1.2359643598959198
2000-02-14,-2.832718827822248,-9.778299620506518,-1.8633023600793737,3.110345121466106
2000-02-15,-2.0382119385984634,-9.136153238529412,-1.7618349997560205,4.762445348515347
2000-02-16,-2.5537849183620036,-8.168822832348578,-2.2756411932504435,6.24853785565422
2000-02-17,-1.6771427845596945,-5.359143877599875,-2.3964489440605834,6.742671169619614
2000-02-18,-1.6753844076689897,-6.2421417723599655,-2.979883311870532,7.498743034887904
2000-02-19,-1.1025308332559929,-6.941769771414698,-4.882654703317579,7.266499604166581
2000-02-20,-2.5655406372488425,-6.403523709148695,-3.44269387740963,6.8583829694967555
2000-02-21,-1.9801259159860098,-8.048493424328312,-3.9400618442215114,6.455642864246821
2000-02-22,-1.0196225053337469,-7.17349602407079,-3.8117061865200315,7.025651322552212
2000-02-23,-0.5677932862741824,-5.832712091501577,-4.912189348553031,5.77518193396563
2000-02-24,-0.4445986443772849,-5.4587742767029965,-4.378475200215029,5.393082938025304
2000-02-25,-0.23606238964289278,-4.590169215258021,-2.997017353149018,4.213108606088337
2000-02-26,-1.4239163896974794,-5.149621721568159,-4.308028584238382,5.291926422674607
2000-02-27,-1.4278948160615077,-4.284358602492905,-4.7057520626396325,5.098179938716243
2000-02-28,0.6369768036530712,-3.394465993010714,-4.887425187958538,6.1588104857162005
2000-02-29,0.6147450819601875,-3.8264066212126213,-4.295376326123947,6.426937842314249
2000-03-01,0.47560630704946805,-4.138490223153694,-3.9112448593956497,6.463600244986938
2000-03-02,0.2509612922162898,-3.7573087311990485,-3.2106494883134706,6.017010738543129
2000-03-03,-0.6090479156365781,-4.926217056700088,-4.327870196912306,5.410102171088037
2000-03-04,-2.0539173411755276,-4.461023197508554,-1.5749862251844755,7.2465035161308045
2000-03-05,-3.435034682515502,-5.625279038393167,-2.2115914772658667,6.292695138867728
2000-03-06,-2.8256587847555656,-5.190594000775706,-2.4531607809100224,4.916120051287678
2000-03-07,-2.6186115494957605,-4.625337878116183,-2.7513184586754744,6.597853597545841
2000-03-08,-3.4621240962203315,-6.547682467774512,-3.09921756824064,7.947160462716003
2000-03-09,-4.4262932053859725,-5.436519801011082,-2.1794236875445554,6.886083787641066
2000-03-10,-1.7550668900246564,-3.7654748514286664,-3.521033727535607,6.364701109587533
2000-03-11,-2.736384877577138,-4.1491943784334895,-3.4349107847291207,5.199480538597982
2000-03-12,-1.8915353617330313,-5.045708666177675,-3.965035787957165,4.939862020263414
2000-03-13,-1.6635006551328135,-5.115429417285915,-3.822306496241721,4.38275153092909
2000-03-14,-1.7910549522328636,-3.071931624862927,-5.840652021628994,4.5295291115540595
2000-03-15,-1.0837001150050063,-2.122652309117183,-6.142527954118004,4.4053210918389905
2000-03-16,-1.437801177721252,-1.2805539588757588,-4.488886703015096,5.828393143295064
2000-03-17,-1.1371013643368084,-1.705833567910633,-3.58082795457589,5.77562848102618
2000-03-18,-1.530492196757578,-1.5983744703441136,-1.5341383664740849,5.455124476751638
2000-03-19,-1.9735360291165227,-2.425891901867057,-0.4699741216936444,6.297134605951257
2000-03-20,-3.3120577310474912,-3.7380765588169593,-1.0044656937610617,6.6846555209151886
2000-03-21,-1.6132190452542086,-1.9005052723407512,-0.7886184456877572,6.822571420821497
2000-03-22,-2.058961546709791,-1.2460980384399645,0.5739382803781754,6.390419426471788
2000-03-23,-1.2223424608484357,-2.7668331277765734,0.7688141331355302,7.331311121456678
2000-03-24,-0.4983569012340183,-2.4323018718393086,1.2135770765781697,8.295390309861803
2000-03-25,-0.8006943964153648,-0.9348574142955008,0.5224618323679171,8.181685898753258
2000-03-26,-1.66794493461232,-2.924669570672487,2.0164494525275725,7.355557279030151
2000-03-27,-1.4449910927808922,-2.2045818994783075,2.4062632699656326,5.094349885710452
2000-03-28,-0.11935035317948417,-1.8974838823784765,2.467643593303842,6.4855369464760795
2000-03-29,1.2506704019786126,-2.3230614386042427,3.4920949502268277,6.8792695180521655
2000-03-30,1.7601323623182052,-1.9793282875101395,2.637552394889688,6.437275825947932
2000-03-31,2.4293983697568544,-2.6054301178286288,2.9044150656532213,4.804351382215772
2000-04-01,1.8780262974522717,-2.174015365409253,2.3896341462333632,3.9885271642760873
2000-04-02,2.106131341548964,-3.118999645330508,1.8813788388769974,3.649401192897729
2000-04-03,-0.2857026582433213,-2.2267461877444608,1.7419829952643724,4.563558298002019
2000-04-04,-0.9992898895270698,-2.8779451990798677,1.5289539950696733,2.9852038558541896
2000-04-05,0.38366252543436763,-2.3601502570292205,0.708922040959103,3.2544064974317877
2000-04-06,-0.49656309417018907,-3.907240820167405,1.1621682833375973,5.60857072603418
2000-04-07,-0.5732151086594824,-3.896291631104637,1.8603534656784606,4.9330218439739095
2000-04-08,-1.8837680502080953,-3.512197439161859,1.803762830159897,4.481790903382947
2000-04-09,-3.20960292387508,-2.6214043649813537,2.563200603274403,4.342811094974095
2000-04-10,-1.6551773480368592,-1.1745399536280625,1.2054589150827824,3.585797483020801
2000-04-11,-1.9932202254871692,-2.0908655117444948,3.5036200121119085,3.00148827487702
2000-04-12,-0.6649910377225428,-3.185645032948519,2.975847630090351,5.289145969476191
2000-04-13,-1.0716157720649089,-2.078542197142097,1.5079401406951918,3.3781565551037533
2000-04-14,-0.8930032383107616,-1.8514978846201766,-0.7574025440448946,2.9150912386879853
2000-04-15,-2.1340742656324565,-2.138756334158665,0.19248892502534143,3.077764594682093
2000-04-16,-2.0884166229923764,-1.8673349499252163,1.2442798673551367,4.363866040883582
2000-04-17,-1.7792272201953319,-2.224682571304316,1.4675066953383402,3.4846119818196892
2000-04-18,-1.1904323143833422,-0.5932748327877169,0.41303818520668356,3.4448722928112443
2000-04-19,-1.237722894475747,-1.1349418359779495,0.25287580601804444,2.797408767588391
2000-04-20,-1.2801738315043414,-1.4315457641891969,-1.0586555527765236,3.92580626414321
2000-04-21,-2.7686670178003663,-0.5885950121953769,-2.7945373677328056,4.041783731404855
2000-04-22,-3.1339888963585745,-1.921508463382201,-3.0829096899664643,3.8753559194647877
2000-04-23,-3.8022712488096397,-3.387810590947657,-3.9125796968791384,3.3212356113566734
2000-04-24,-2.839394123027719,-2.920154740566706,-3.7112827045214987,3.4801705641191725
2000-04-25,-3.7069821371976035,-2.4327889042012276,-1.8150461558120785,2.0152853012148544
2000-04-26,-3.2898790573565106,-2.25420087888485,-4.376937205501697,4.424873029783466
2000-04-27,-2.3375907361934276,-2.124776219708451,-4.263688536028391,5.845704232410376
2000-04-28,-3.2081200023392515,-3.330299226665862,-4.463123787227965,5.963122023218902
2000-04-29,-3.564472404231458,-2.137717909584998,-4.061210267004074,6.4319062171741725
2000-04-30,-4.760123547713667,-3.2341175626917735,-3.6160934745132525,6.903128490745406
2000-05-01,-4.591250833487569,-3.6445615648409215,-3.4114691712519103,6.991338264322709
2000-05-02,-4.186755831543157,-4.903911052345121,-2.2308581752875583,6.810074544831732
2000-05-03,-4.911903879711313,-5.416492538713978,-3.1827352301767506,7.466397072351442
2000-05-04,-5.862482028447729,-4.892099654212137,-3.193978242909046,7.288006633470148
2000-05-05,-7.266505364291322,-5.058762540249246,-3.6288292031359877,6.720482412352789
2000-05-06,-8.557460876835307,-3.875981871767995,-4.18517955488093,8.462523338591897
2000-05-07,-7.833464378750127,-3.057820272019486,-5.829717970193793,6.872563709367017
2000-05-08,-7.429624962146162,-1.4421043802619815,-6.797191435386899,5.948626969038218
2000-05-09,-7.080867932782342,-1.2668608854621077,-6.723306729921497,6.748860892407223
2000-05-10,-8.286112632460016,-1.490847764487618,-5.9884250114160835,6.547316427638484
2000-05-11,-8.674605535814452,-1.3554200086476729,-6.314417380167993,6.4482456113747215
2000-05-12,-9.081207125022091,-0.7194327307968323,-4.247138922190455,6.947068098681439
2000-05-13,-8.70224210174789,-1.65129251072385,-6.515573328617412,7.949597701826285
2000-05-14,-9.215951571965284,-0.682685654166702,-8.186153324920019,8.294028466737315
2000-05-15,-9.267645802031538,-1.2355601150704967,-8.177178328152793,7.1654826329123615
2000-05-16,-8.047654506497128,-2.9828226265522044,-8.625238117740174,8.208935608392512
2000-05-17,-9.607432161776735,-4.354416684832894,-8.055453385792447,8.893424722003852
2000-05-18,-10.44715646522112,-2.8986701128411614,-6.841031725459831,7.613492266667487
2000-05-19,-9.700379084134816,-4.243665660243844,-6.089261793553372,9.682912190689102
2000-05-20,-10.489681621945167,-5.90796485779858,-6.979980928359483,8.843011089741339
2000-05-21,-10.634431041716411,-3.1957990674275454,-7.403471042269127,9.63388852872089
2000-05-22,-9.981409865975527,-1.6980201981642757,-6.448087842935285,11.099848914398775
2000-05-23,-9.892632087132602,-0.8683100448982546,-5.483196849796619,10.450945522425318
2000-05-24,-11.629347322014299,1.017936700196983,-4.824726455758334,9.905564127821009
2000-05-25,-12.284593557493519,0.9709871434704375,-2.4339647816906926,9.400619461650257
2000-05-26,-11.924902416138922,1.3847674554292193,-3.4534206019162754,10.55119460643643
2000-05-27,-11.953114464345658,2.611820159850616,-4.653549104112642,9.801534427658892
2000-05-28,-10.87145164244227,2.0839993370360066,-3.587184023356457,9.807740823655138
2000-05-29,-12.952928620205965,2.4091618556956425,-4.293592095290618,10.727765800129028
2000-05-30,-11.958809293385766,2.1549724782146624,-4.606751044433301,10.990736853040792
2000-05-31,-11.707587531693612,2.960665478139469,-5.197171337883329,10.039251803671746
2000-06-01,-10.67400969322318,0.5168477781383647,-6.284177696929785,12.424953644063354
2000-06-02,-11.455842166560334,-0.5621970821792333,-6.504850499343659,12.970741512884352
2000-06-03,-13.795572201959478,0.25719582262489726,-7.194501321450619,14.299824662738018
2000-06-04,-14.108203843406567,-0.7061791594719369,-7.368930348296602,14.535981871699182
2000-06-05,-14.495819829833502,0.38948022104892654,-8.470779964229008,14.576886779376819
2000-06-06,-14.357092463860344,0.994099186389515,-7.861307422952622,15.013132410199269
2000-06-07,-14.09323006455092,-0.39644368980021794,-6.440968625935341,13.984972156674838
2000-06-08,-14.556090724109186,-1.648469285938499,-6.915253496825213,15.394708762499961
2000-06-09,-14.140646978196438,-1.140317124113911,-8.79183761416895,16.17556921463929
2000-06-10,-14.29408580203628,-1.2507551399194679,-7.792493062948439,16.905685217289815
2000-06-11,-15.250243939279738,0.504094803863117,-7.528611105836549,16.68160099478622
2000-06-12,-13.810574263756417,2.1798485473436866,-8.464278877786612,16.565050359275297
2000-06-13,-16.399081162972504,1.7160315551861902,-8.243412308350809,15.34588218642813
2000-06-14,-17.64762138802586,1.1924293178398129,-5.958926761799004,13.582388637758875
2000-06-15,-17.569626009396625,1.6923661525472256,-6.457008018700464,11.8558035343342
2000-06-16,-19.96324875236724,3.253327521884814,-7.9364888079095905,12.24293981300694
2000-06-17,-20.329775069078305,3.942969441723654,-8.94294734003569,11.755149653667864
2000-06-18,-19.752644267048552,4.982356396198237,-9.331680605306081,11.866756602006559
2000-06-19,-21.06937048347786,4.744656678351711,-9.127060402770567,12.163256436022621
2000-06-20,-20.503341188474714,2.9198289155636297,-11.390446811391541,12.465174689540765
2000-06-21,-20.650424141748097,3.4350250069283086,-11.136621449689827,10.613041076681837
2000-06-22,-20.633544297874806,5.463388745415827,-10.689466080187783,9.521764722243766
2000-06-23,-20.879853673258626,5.740088996702708,-10.210485522824902,10.569511476651073
2000-06-24,-20.834601735979042,5.986041951355917,-11.670593442447103,11.24651234431566
2000-06-25,-20.35911781350522,6.595869504186386,-11.921378532100123,11.890026221875493
2000-06-26,-21.204610448225683,6.7520436902200185,-12.078802194450342,12.39088123259098
2000-06-27,-21.601210801578357,6.207837541323937,-10.518773750543994,13.698811983226044
2000-06-28,-20.402311165043148,6.771908168678946,-10.83233576898429,12.325831689327071
2000-06-29,-18.650278493278076,5.904289760620489,-11.151782817368044,12.183805728389627
2000-06-30,-20.48416788494078,6.625252398658597,-11.648903616104077,10.644884945246245
2000-07-01,-21.169215839339188,7.551416752136404,-12.027601722971246,9.71360167444202
2000-07-02,-20.71270281241515,5.784925722852648,-10.72608303660433,10.041481253776928
2000-07-03,-21.348738005904004,5.34080408583713,-12.005671753153393,8.917256730310879
2000-07-04,-22.308479842857025,5.267091395259099,-12.34156993837878,6.823241013107824
2000-07-05,-23.506296259977876,5.308465065901164,-13.476671798590166,6.830239270342459
2000-07-06,-22.646832759110183,4.899054336631906,-13.219732928045149,8.677409357423542
2000-07-07,-22.48851604085858,5.801015403636957,-13.57332772070413,7.824650605977114
2000-07-08,-22.744934156056544,6.762540575052023,-15.527065982621624,7.484423539287251
2000-07-09,-24.548599066350587,7.653506721296377,-15.116672187994707,8.752907201028185
2000-07-10,-23.052219245662748,6.859165602955496,-16.654343143243945,9.32171297018435
2000-07-11,-24.157148657055544,8.18111965788046,-15.9387890873814,10.78285901032496
2000-07-12,-24.6403835154079,8.894561644999955,-16.803361415208986,11.229197037441532
2000-07-13,-23.442203721369758,9.885968813917415,-18.017104071520766,12.869636268575379
2000-07-14,-23.909959398411246,9.494005783175941,-18.295310730209987,13.133579775775244
2000-07-15,-24.433286102699036,10.01453302417982,-19.263317620348044,15.122772215322778
2000-07-16,-22.752477523625103,10.952076417672917,-17.067944119994216,17.822813475815686
2000-07-17,-23.958341077074635,11.165106592841184,-17.596119361401186,16.3040497668934
2000-07-18,-22.992656785427872,10.849256667218777,-19.21497867314471,17.176263919270923
2000-07-19,-22.45901303205414,11.883985886040985,-17.852974476702375,16.1187569486729
2000-07-20,-22.905057043736395,12.497274821771803,-16.527500942733457,17.224247900297623
2000-07-21,-21.751275157406763,12.239218922446598,-16.750787715829855,18.316822913510247
2000-07-22,-21.6305960528251,12.972590012807165,-17.957140230813945,17.783970913320736
2000-07-23,-22.494841141499617,13.131097871518012,-16.6214037618157,16.828365950747486
2000-07-24,-23.882603164001733,12.810092317927774,-17.634278897740252,17.993475732207862
2000-07-25,-22.549058035910743,12.795096084778026,-18.71713708083155,17.178384396636652
2000-07-26,-22.452995595507144,13.504561689057152,-18.503506154344688,15.015439948197645
2000-07-27,-21.533666644085258,12.622752913768705,-19.802842644290035,15.292405907367796
2000-07-28,-22.83393522153634,13.338131086782257,-18.21505820143125,15.609922463243874
2000-07-29,-22.86294061361538,13.689751847150575,-19.631040707311385,15.509945639979277
2000-07-30,-23.19355191377827,13.722963607421182,-21.13563064283889,15.92319811809768
2000-07-31,-23.53377842723208,12.519345147358163,-21.238454632173717,16.289753754432727
2000-08-01,-22.13720188722684,10.687932509923506,-21.593164149026254,15.842825831454771
2000-08-02,-23.31845692636217,11.491664287650911,-19.399524584333495,16.55474422113539
2000-08-03,-23.35115182763958,13.176128424331573,-18.931730956889144,15.761370148419383
2000-08-04,-24.271019862565225,13.750968571743615,-19.106867646632416,14.317546142654157
2000-08-05,-24.13570383533563,14.152783932564882,-19.63347109775196,16.622444183710975
2000-08-06,-24.12547794952872,16.304586277023503,-19.18929959741422,16.331473827369113
2000-08-07,-23.457745598636368,17.791094662518205,-20.02365258798767,18.478805445013304
2000-08-08,-22.12029121929761,18.542681697919065,-20.197669480898924,17.937195066170673
2000-08-09,-21.61157201198329,18.351301596246806,-20.198635301097333,18.449565313957848
2000-08-10,-23.249149530557847,16.12958913451445,-20.894554030465553,18.769323387732832
2000-08-11,-24.416670841020746,16.63685739009346,-22.37669825112169,19.307191373668473
2000-08-12,-24.325636024586014,16.15475571907612,-20.895329573723053,18.906873856382532
2000-08-13,-25.297641766956566,17.222552208930477,-19.849939284384792,17.18223535978901
2000-08-14,-24.87756671325115,16.097694330882135,-19.492848076942586,17.61773917302782
2000-08-15,-24.886692987012232,15.663681055724107,-21.02110973397637,17.36169130672805
2000-08-16,-24.349109728088813,18.190411777137214,-20.53469452462451,17.005747797664974
2000-08-17,-24.608559471471512,17.638337731994625,-21.76893463524653,17.148378785687942
2000-08-18,-26.59251433755151,16.931544335824913,-23.4331822378863,15.112181857391604
2000-08-19,-25.180047673142123,18.416511470649752,-24.246538699334582,15.300192444546456
2000-08-20,-25.4775071375636,19.06829266304149,-23.822382019775123,14.782627648608434
2000-08-21,-25.665160870293928,19.136604016712894,-24.0980235538758,15.10588162632917
2000-08-22,-25.549616221330666,17.949283450194933,-24.712788372727545,15.52374388853494
2000-08-23,-25.541885442251544,17.37641396124044,-22.715916804575965,14.91300296627926
2000-08-24,-25.337980676940767,17.05657507600539,-20.694464245328867,13.487191023171818
2000-08-25,-25.792783938453834,17.73192945928682,-22.927742139936456,14.280888179558266
2000-08-26,-26.367584655433653,17.39438517942703,-19.89075436366103,13.477529394105757
2000-08-27,-27.979972186559394,17.08427720192503,-21.753782238305313,15.222501407236141
2000-08-28,-27.366846488434962,15.807725180967855,-21.725212578677713,15.776556423070245
2000-08-29,-26.254485276330733,15.562419579587509,-22.31570911360882,14.34913959619857
2000-08-30,-27.544339707957953,15.697652438629383,-23.39798371663244,15.588780637255834
2000-08-31,-27.098126569440293,15.899492168318183,-21.922343735203523,15.256748936978877
2000-09-01,-25.416575099762355,16.463649678734974,-23.434059614825074,14.65624386035978
2000-09-02,-25.972209145301463,16.028366144913043,-22.482703119549598,14.07355634490271
2000-09-03,-26.04244453284408,15.609953676584395,-22.155811352665868,13.670958203971079
2000-09-04,-25.71237959424473,14.727017385729773,-22.666783284228444,14.78769992464902
2000-09-05,-25.9845688367752,15.082213429938026,-22.209498471146023,14.591643631770122
2000-09-06,-25.54899383183478,14.15965449998121,-23.84508779938935,14.948361921589022
2000-09-07,-25.089716755214866,14.262370868127814,-24.076198304392644,13.832331179291048
2000-09-08,-25.826857442247878,14.222885183988836,-24.323223609394926,13.88657426160217
2000-09-09,-26.497066912564406,12.993936238555735,-24.896944644333175,15.923257965877816
2000-09-10,-25.68855106557431,12.31228135610947,-26.153172315182395,15.020974553768314
2000-09-11,-25.299288619631064,12.400393185981565,-26.625076357433993,15.871840775375036
2000-09-12,-25.166184619405957,12.367426484962806,-26.4181697870218,16.864005817203125
2000-09-13,-25.994276522202988,13.15876251961179,-26.010329656261938,15.614440473653382
2000-09-14,-26.32742803639962,13.118122442455237,-25.39774422359127,14.58826326364457
2000-09-15,-27.063626872465267,11.494163359024029,-25.877200157653096,14.646380564778353
2000-09-16,-26.910724082402186,10.339150881872984,-24.974463571618138,16.318704625218853
2000-09-17,-29.225556348477173,9.822773030241118,-23.421580174226435,14.209340225403068
2000-09-18,-29.315722842114777,7.904370974325599,-23.123729015179933,11.990961897523345
2000-09-19,-28.944368991890382,7.527770635544189,-25.003441972898084,12.088897400743889
2000-09-20,-28.06188462716323,6.482987144826242,-24.33027800684436,13.189533274075638
2000-09-21,-29.351173938092387,5.8866086645241875,-26.305677040984985,13.483854948162358
2000-09-22,-28.71191904482861,4.863369557415318,-27.059680278365875,13.688405404875292
2000-09-23,-28.966535483695147,4.772294346500205,-25.996904483921867,14.97952062063192
2000-09-24,-28.555282452415145,3.3538323831052006,-25.29994249271819,14.007132767273347
2000-09-25,-28.91496921411958,2.59752776525524,-23.9438481903077,13.687798599721596
2000-09-26,-29.086525620445634,2.7445231101049776,-24.65535233364551,12.69000384288143
2000-09-27,-29.318184741743128,3.0754580848827953,-22.547195508531303,11.20008921398927
2000-09-28,-31.111866243613232,2.0044484636411495,-24.316113517152466,11.861500320472924
2000-09-29,-30.851542116809963,0.85662771684171,-24.318407030642604,10.595868373781855
2000-09-30,-30.428446422587946,-1.001581877903573,-24.371630789982934,9.469711307486754
2000-10-01,-30.643292232270174,-0.2266164123196489,-24.741615178328164,9.924031412988633
2000-10-02,-31.43524958384096,-0.4910219962481474,-23.338772387383447,8.329258448533684
2000-10-03,-31.53070282179689,-2.122069157091726,-23.960623876822726,9.169310868970815
2000-10-04,-31.83951958124285,-2.008139862515109,-24.50270400834903,10.007396968828575
2000-10-05,-31.379448811641176,-2.3728008365517086,-23.921928649518,9.847143461665098
2000-10-06,-30.835525990176965,-1.032619197865943,-24.768848193861174,8.966241310200326
2000-10-07,-31.290017707374613,0.06073264848313742,-26.326369474550443,7.937980725101804
2000-10-08,-32.54358119079722,-0.3025687484021684,-25.14767619673803,9.684736888368485
2000-10-09,-30.972112878094826,-0.6555840719603253,-25.397687258966236,9.222857636799974
2000-10-10,-31.59327153293831,-0.8887733403288601,-25.656176011055145,11.432643411271677
2000-10-11,-33.73159773365123,-1.2403176173765302,-25.33194947690523,11.911862550066017
2000-10-12,-33.85680226776253,-1.8867171689962678,-26.567770289384313,11.748235792818729
2000-10-13,-34.423131903642314,-0.03167647242814242,-25.644438006583776,10.961972795922728
2000-10-14,-34.55909217645177,0.7379601204098264,-24.346366965009,10.112387556442618
2000-10-15,-33.802789004995326,1.6767338570206434,-24.00607792684696,9.44469533431475
2000-10-16,-34.83228408740253,1.9631372139131211,-25.754995929598614,8.962946400165222
2000-10-17,-34.95300103108759,1.936547528172726,-27.638975580294478,10.13318213617082
2000-10-18,-34.534889733648484,2.585305350178289,-28.228499413424796,10.024650665959683
2000-10-19,-33.81321157618228,1.3634954884556985,-29.84471559560316,10.55757368415942
2000-10-20,-33.61878414608919,1.046681888587657,-30.282611171990286,10.210325705418018
2000-10-21,-33.95503385822239,1.9021775415504014,-31.35726297961292,7.746848453338686
2000-10-22,-32.14562241254096,2.2256612213128673,-30.174881869121144,6.932042219119925
2000-10-23,-33.4223396945927,4.986528531591192,-29.360847943291123,7.747887503069168
2000-10-24,-33.76945533883219,5.5699362242112525,-28.097044505602735,6.933677860867569
2000-10-25,-34.09165008557333,5.831935190027488,-28.111893620889088,7.023133868550984
2000-10-26,-34.91753537878261,4.7650304190842405,-27.38785263044681,4.724650913148717
2000-10-27,-35.588912964190335,5.287954457255615,-28.0732871581737,4.141911438909379
2000-10-28,-35.17409415957692,5.995311974388851,-28.28983149706493,3.6272617429750014
2000-10-29,-35.770175400439186,6.575324410563407,-28.642782231517007,3.2173769234635223
2000-10-30,-35.13581579063481,4.325071834917308,-28.665614368304603,3.798791801582052
2000-10-31,-34.86751104133837,4.169843176224388,-28.43160697298952,4.0341027743989075
2000-11-01,-36.47862541808908,3.756694538782045,-28.634328150960986,4.193366931156793
2000-11-02,-35.036163591491885,3.440276323877945,-29.154825341641747,3.1069252150872018
2000-11-03,-34.760574207408474,1.5727056661055203,-28.87015555065748,3.2383726255466447
2000-11-04,-35.775712051058846,0.424083407405659,-29.5727589956704,2.1157155397728427
2000-11-05,-36.16242690458808,0.09147272888909153,-28.346451854012418,2.4780178130376127
2000-11-06,-35.12088184539143,-1.035624042946473,-28.027977768308514,2.962619461831131
2000-11-07,-35.78883085895878,-1.3882681660369707,-28.062056864474204,2.0678766434439932
2000-11-08,-34.12027000460981,-2.6965293204121803,-30.193809565683036,0.20612288497157594
2000-11-09,-32.76112397118999,-3.8120165120359877,-31.086501465407515,0.919794034364555
2000-11-10,-33.89843612108085,-3.6877945059744204,-32.208736376021356,0.06830674575744022
2000-11-11,-35.14854049022192,-3.466601983493708,-31.00769475645505,-0.03652273283858752
2000-11-12,-34.11446110504428,-3.107310036510019,-31.71811815358572,-0.7352569021805899
2000-11-13,-34.44943828703385,-2.679140222072856,-32.62592464256112,-0.9299608459615867
2000-11-14,-32.67503264863159,-3.4643333397740568,-34.27686170627728,-1.3287012270442733
2000-11-15,-32.22783354558221,-3.2745736970195507,-34.93732651628382,-0.7292203991507876
2000-11-16,-34.07844722007048,-3.055150849986199,-35.0908365283162,0.32232635529272546
2000-11-17,-33.21217534583625,-3.2727322526667866,-36.196790160584186,0.6912500711562637
2000-11-18,-33.33900805082694,-3.427872811746417,-37.38224299817861,1.016191358667067
2000-11-19,-33.41783719764612,-3.623291252828442,-38.79618263876788,2.0946517721610642
2000-11-20,-33.199270824363076,-2.909253729009633,-38.465123365820126,2.4006163584411775
2000-11-21,-34.208478114744025,-2.342462818263249,-39.0451434471395,3.0124440018577405
2000-11-22,-34.758892759982764,-2.9265951857461254,-39.64573989585302,3.071969294292404
2000-11-23,-34.806047234947656,-3.4352403386682218,-38.288085581798995,3.1307878839267156
2000-11-24,-35.64221070374026,-4.107740449731033,-36.551872160550595,2.357940593054935
2000-11-25,-34.3514216135631,-3.1112923922698332,-37.611906158413554,2.3738110205346334
2000-11-26,-33.30977639839989,-3.2693471244895123,-39.59061965792135,2.5185679068086193
2000-11-27,-34.520298334070645,-3.0750967953211883,-39.460793914771024,2.5470314744040112
2000-11-28,-34.21583323293843,-4.615617050008323,-36.93511519505788,0.8092694275775636
2000-11-29,-34.71471672718642,-5.807804547546211,-36.16212087275968,-0.8312486578549898
2000-11-30,-36.52505057625986,-6.1381773554419885,-36.30329749362115,-1.4817215991117876
2000-12-01,-36.54622125481545,-4.5547107646097755,-36.25795123525644,-0.28880891591347413
2000-12-02,-37.10570118102894,-3.874232854096263,-37.559270962245016,-0.08300833515789513
2000-12-03,-37.45850308738526,-3.8138032246691433,-38.726351405559136,-0.18201062341069726
2000-12-04,-37.78692537343707,-3.364449578659676,-41.00596577995221,-0.06637753942423137
2000-12-05,-35.08641411347524,-2.392359356694919,-40.83624613975158,-0.4131191283655859
2000-12-06,-33.99328593573557,-1.7270455606837636,-40.675773725535876,0.26708016944441665
2000-12-07,-33.5257558924422,-2.2289389434022926,-39.1556339890039,0.06767400919600933
2000-12-08,-33.97172869858911,-4.114073163228078,-39.26693784339396,1.2143630627253104
2000-12-09,-33.771963977865006,-5.496595656646633,-37.713338584152204,0.8533916035825443
2000-12-10,-34.262991515477324,-5.680287368069374,-37.09911329469356,-0.2400362753221209
2000-12-11,-36.30206983690515,-6.596155209894592,-36.8618947934416,-1.5818896488936978
2000-12-12,-35.537512859740524,-6.194974186817059,-36.411094174917736,-1.5529116526530689
2000-12-13,-37.082515910932514,-5.93438563618836,-35.95381085680703,-2.1304536378525967
2000-12-14,-37.80009862661836,-5.844224224248973,-36.51782185493375,-1.710123875606214
2000-12-15,-39.642093088283694,-6.353186601962269,-37.344539192321946,-0.5878603682312717
2000-12-16,-40.67222135763394,-6.479846969514399,-37.212936686398436,-1.1661667758317051
2000-12-17,-41.608858531283346,-6.173572533421894,-35.939365633033376,0.39307775254408006
2000-12-18,-40.721488752715636,-7.71770214998552,-34.98940206674124,-0.4335068668153297
2000-12-19,-40.96733760038766,-6.626199202223526,-34.31299893867398,-0.4393654565274659
2000-12-20,-41.62694637437772,-8.839293885649106,-33.71093323534198,0.6974957760371479
2000-12-21,-40.96806635357873,-8.324042346085882,-34.816579215959806,1.5164678527077382
2000-12-22,-40.594718727789946,-8.691512786340295,-34.37678750499513,1.4154843734761862
2000-12-23,-40.008877331661495,-9.885223394423,-33.865351362803075,1.2469843908302405
2000-12-24,-39.217991682436605,-10.490917269675714,-33.263130156848256,-0.1833147184154329
2000-12-25,-39.15961279095116,-9.673705493004343,-32.70169885273436,-0.787466990735448
2000-12-26,-38.617334577117376,-9.878194716421106,-32.646055184705006,-1.6783751518148322
2000-12-27,-41.43971062964027,-9.84956268681953,-32.498011774098714,-1.6354110473171186
2000-12-28,-42.60658488503159,-10.324444948308965,-33.46703631859681,-1.5530021208512905
2000-12-29,-43.9809032192393,-12.078737764232393,-33.097869925688606,-0.20590610431470302
2000-12-30,-42.476668348775846,-13.49006577083421,-33.55190948344681,0.07731680554886067
2000-12-31,-44.61714780104594,-12.799127083880027,-34.95452069063959,0.5534473474996078
2001-01-01,-44.6134236640746,-13.40951239088783,-36.25077423144144,0.16475981045389287
2001-01-02,-45.1895317140485,-14.490135271569617,-36.76930813555583,0.11858424203605222
2001-01-03,-44.90494187127733,-13.151062739021103,-38.053130574061704,0.5500081015711094
2001-01-04,-43.50209189176506,-11.442385586280137,-38.32078194257389,0.755603695859917
2001-01-05,-44.051347144762566,-9.226764773759358,-39.85466871399251,1.0520104938588521
2001-01-06,-43.98831041744319,-8.184579043867462,-40.306224277433,1.2154987569603553
2001-01-07,-44.16039837183666,-7.591773594238676,-39.41513687135999,1.8721602167618268
2001-01-08,-41.94745115445007,-6.349971146993623,-39.19681413438338,3.570654958144897
2001-01-09,-40.85849732671724,-6.048550272523685,-38.75858539864529,2.202723627626203
2001-01-10,-41.2840699850848,-5.263926518163652,-36.846009101794145,1.9025943459085353
2001-01-11,-41.81052934030525,-6.457856461906283,-37.21466404945483,1.6256486262867058
2001-01-12,-42.63971522822124,-7.044182654585745,-39.30828809646484,1.0318721465300347
2001-01-13,-41.76292838636971,-6.194980021362742,-40.018281098260445,2.0531904142397526
2001-01-14,-41.76446090170717,-5.953724009163727,-38.904050552169245,1.4210511836771684
2001-01-15,-43.2797187075604,-5.286003829848359,-37.63720182638817,2.213009413706607
2001-01-16,-42.8183443545238,-6.562807409253898,-37.92668007709133,0.5099884905041057
2001-01-17,-41.92607858027884,-7.062640816956345,-37.50043452580196,0.3891958134291834
2001-01-18,-42.777654210604005,-7.751712180924794,-37.25116034551047,0.4865126433276252
2001-01-19,-41.630982187951915,-7.206937397691817,-36.95672628517597,1.3300925161594532
2001-01-20,-42.161186959431674,-9.630179205950812,-35.45545860130876,0.5616171765763226
2001-01-21,-43.70392970568738,-9.81667837807133,-36.72420063434508,0.8710842445680633
2001-01-22,-42.490394106252076,-8.363763235594254,-36.08950517230158,0.5073901709387578
2001-01-23,-41.85146745799385,-8.3869239855367,-35.92585159862127,0.8160024727862316
2001-01-24,-41.05760368120423,-8.815396829764609,-35.278117684359785,3.391876276672877
2001-01-25,-41.55614208012271,-7.971059931339864,-34.17311990219353,1.88845268744661
2001-01-26,-41.60018987645178,-8.643038511070149,-34.23327107222558,1.3427823775692247
2001-01-27,-40.51840951570388,-6.844080766336215,-34.19745922251893,0.7987733985523378
2001-01-28,-40.06527832954675,-6.0431123810049465,-33.14602927103901,0.6688980252237069
2001-01-29,-39.306256915112776,-5.884863544851861,-33.013322898390996,2.849867350976595
2001-01-30,-37.794738836771955,-9.433010168099045,-32.21755619640715,3.667924328107026
2001-01-31,-37.895179175083086,-9.262424804885164,-31.950580600257393,3.5294909359812587
2001-02-01,-37.988533391975615,-8.26398170742916,-32.23500315391225,3.237278303194072
2001-02-02,-37.89586577950485,-8.803202032742352,-32.99887153692194,4.117085530189765
2001-02-03,-38.22842550247185,-9.371552107919602,-32.2885035460084,5.170579173424818
2001-02-04,-38.69705542802929,-10.724799315261778,-31.687714485137295,3.5535546909536917
2001-02-05,-40.04772663638522,-10.494050159696537,-31.25981530775588,2.3963167169386512
2001-02-06,-40.94270173597104,-10.309612469654702,-32.269052685392396,3.952186172768754
2001-02-07,-40.621649700056004,-10.511713758776724,-32.42299112752623,3.2397249753019466
2001-02-08,-40.92445247424245,-10.759765003393479,-31.675832142826586,3.8367357408134692
2001-02-09,-41.62463771803963,-12.062505033194963,-31.588671276957914,2.791806515226348
2001-02-10,-42.387284560265606,-11.15879008142693,-33.91724562031397,1.451696720473429
2001-02-11,-42.4624661609256,-10.649771576710604,-34.126677161072074,1.9167108793766277
2001-02-12,-42.714651091751236,-9.070200719939303,-33.63615522592576,0.20366544675915033
2001-02-13,-43.67687411367073,-9.441693202416246,-32.57225238529091,-0.24836980091626526
2001-02-14,-43.16981022581296,-8.459166534258673,-32.120053079210464,0.793480900076296
2001-02-15,-42.94737034159841,-8.771753792273817,-32.90595542990202,0.7286938514938294
2001-02-16,-43.95946949856362,-9.768279362838722,-32.58806868198354,0.6133891541758517
2001-02-17,-42.22939376914872,-9.312194133727367,-32.15964138724365,2.576614444181624
2001-02-18,-41.59079653393891,-9.298946419873463,-32.51574583461626,3.7876129445799975
2001-02-19,-41.63394816167482,-9.293890503162705,-33.693893378125225,3.9504059401207043
2001-02-20,-40.82821026560125,-8.689271393672755,-32.89827173371514,4.172811302876143
2001-02-21,-39.97056639686016,-9.246974267456457,-33.20432447026858,4.801228658189514
2001-02-22,-39.51349495594035,-9.541627805777798,-33.39993964180961,4.636063414143771
2001-02-23,-38.59433379246801,-9.380943773546203,-33.33323382999512,4.21274118770667
2001-02-24,-37.567989656071525,-10.196430671237815,-34.15046077906611,4.6078367794978785
2001-02-25,-38.41081477772005,-10.75046546664197,-35.384202240024244,6.048233974063845
2001-02-26,-38.864936513861224,-12.348919930992276,-35.126415740925744,5.998208764883637
2001-02-27,-37.79870170370154,-11.875797168562345,-35.02284409307221,6.930025476245383
2001-02-28,-36.36737514031071,-10.899180057729232,-34.927609406373435,7.338231230703373
2001-03-01,-35.7480593837241,-9.557062576240945,-33.81138124159694,7.04591093604437
2001-03-02,-36.542031299371075,-9.968155168205667,-31.834376242912583,7.911882059572805
2001-03-03,-35.7867626864752,-11.438906973600528,-34.02514848540501,8.5885521638958
2001-03-04,-37.34802590882116,-11.351267756747932,-34.29455456307476,8.734141780397302
2001-03-05,-37.39997927647163,-12.58090970778005,-34.40684205980956,7.830830103885109
2001-03-06,-37.98862032014195,-12.93842889901477,-32.940398836714984,7.036276232482324
2001-03-07,-39.09986585033479,-12.611502306494641,-36.20791726731913,6.861203323363411
2001-03-08,-37.812709605199,-11.657067732334307,-35.933138893658004,6.201690996294796
2001-03-09,-37.59324993981638,-12.714129950476798,-37.081876927213614,5.027549211361478
2001-03-10,-36.47740346747862,-13.340068393558614,-37.3116544273023,4.239547409995251
2001-03-11,-36.54595413720938,-12.577423603012688,-38.1002829938959,4.2688948594326
2001-03-12,-37.45133608866906,-13.681224236867473,-38.80020025333,4.97480240327525
2001-03-13,-36.63400917688323,-13.020578192641917,-38.98806705590437,5.32003561473727
2001-03-14,-36.009481762488505,-12.814666235972005,-37.994472815070175,5.518141868390284
2001-03-15,-38.33692469429862,-11.836427252178925,-39.79814009510506,5.197514639610021
2001-03-16,-38.902111786587184,-11.9349738551852,-39.874700546613205,5.092101181730404
2001-03-17,-38.484677262213104,-13.003539718855084,-40.59487831051907,5.623544648482878
2001-03-18,-39.403759862320754,-11.996572669942985,-40.486197747011666,6.193061480057513
2001-03-19,-40.42611617276304,-13.315124509254307,-41.018718778557506,5.815229648043753
2001-03-20,-40.70850470384859,-13.71725397736398,-39.571605668104134,3.435659265845394
2001-03-21,-38.50614282232812,-13.1223414445379,-38.298497166540415,2.4915382582921763
2001-03-22,-37.82468480014613,-13.520203862443793,-39.04431252294246,0.8490584705015356
2001-03-23,-38.651106050604774,-13.339633884199879,-39.37176594097536,2.4750098184895046
2001-03-24,-39.21286082596757,-15.361046005465694,-37.243877481287,3.00161743871344
2001-03-25,-38.243782856231626,-15.54953588496452,-36.96904547640685,2.6828729436402594
2001-03-26,-37.80132451874675,-13.997138066094951,-36.5743456326449,3.4004934223114356
2001-03-27,-37.12514951861715,-15.231571622096286,-37.21621033714991,1.178146872970439
2001-03-28,-36.97746087971503,-15.633282146461305,-37.43444672105583,1.6967993704777733
2001-03-29,-36.465543128548106,-16.002831287870077,-37.801195566186,1.6008353993049267
2001-03-30,-37.5857743647168,-16.97972090030347,-37.13516265186679,2.432423621537048
2001-03-31,-36.676739410614964,-16.06944608744451,-35.6587168443423,2.8326837723343945
2001-04-01,-37.32245707239381,-15.06285621148835,-35.7667093754858,3.3945687095758785
2001-04-02,-37.16918575333022,-15.062923341015642,-34.96695319209517,3.650760248427683
2001-04-03,-35.42291376408212,-14.40846301141387,-36.22612904653383,3.8644254026502085
2001-04-04,-35.32418307256685,-14.56938129810032,-35.694934390741594,3.8558482262309774
2001-04-05,-35.29613641498336,-13.376718416453592,-35.853106353332926,2.7919838640372316
2001-04-06,-33.59497281843717,-12.945806853965905,-34.83106619575527,1.7201075317149501
2001-04-07,-33.080956386345754,-13.139960536037323,-33.5574032089769,0.26789159759357895
2001-04-08,-32.29000059164214,-13.771992492155135,-33.92684964961189,0.40592254052910876
2001-04-09,-33.1825789602834,-13.658635810610274,-33.388889312015436,0.8801770038729666
2001-04-10,-31.2464309077334,-13.316616592963808,-33.32638245236697,-1.56665454436193
2001-04-11,-30.3265044972752,-11.726099948879943,-31.065998542941497,-0.49960112781691324
2001-04-12,-31.538653396148128,-10.887995374285534,-31.91902197647736,-0.9997020912416748
2001-04-13,-31.30695951182711,-11.179676254443232,-32.09089544161126,-2.127741269497249
2001-04-14,-30.82712541013876,-11.3353727527186,-31.92680913493976,-2.9077887702832035
2001-04-15,-31.432535593098308,-11.401200636490804,-30.72303578312132,-4.705512649936123
2001-04-16,-32.729211795690546,-10.714421505290343,-32.25907829287617,-5.6373622867143265
2001-04-17,-32.89624476473015,-9.939701956580228,-30.71270699474731,-6.302549579908146
2001-04-18,-32.070043256497236,-10.484731963330976,-31.10365610130605,-6.341827469293625
2001-04-19,-30.708370848661822,-10.643833526277916,-31.044365319260596,-5.321203706957419
2001-04-20,-30.955869287708822,-9.258762848149246,-30.476487785086952,-4.769331962821015
2001-04-21,-29.697022231637956,-6.085033377560542,-30.014655407681214,-5.036978192928213
2001-04-22,-31.18622292831393,-4.611272233892178,-30.363775616587084,-3.340907492164688
2001-04-23,-32.722335303979385,-4.952523058801659,-29.142816234803092,-2.5663731187071828
2001-04-24,-31.87995005770498,-5.670426306906267,-29.452270405956064,-2.4090441188912566
2001-04-25,-32.1211923763625,-5.228663277564282,-29.081457795773048,-3.8859136120965423
2001-04-26,-32.09603593784553,-7.469474512999085,-29.199826612226772,-2.693889862938317
2001-04-27,-33.648343937994014,-7.803497579790479,-27.26889295261405,-3.1510948117611624
2001-04-28,-34.561951116239456,-7.425780372363848,-27.10985165824821,-2.789381692403202
2001-04-29,-34.7094841307508,-8.035230070976926,-28.220364935180395,-2.4619026297414677
2001-04-30,-34.733821519410256,-9.235838362212665,-26.8965848970485,-1.8789584590999946
2001-05-01,-36.65797944361273,-9.488873825908593,-27.019725596961575,-1.075570526820628
2001-05-02,-36.705322204323494,-7.604165848569808,-26.898352604731073,-2.024949309636601
2001-05-03,-35.1807947110597,-7.890668197614704,-26.192290304397318,-2.651786146903763
2001-05-04,-34.61824756883802,-7.794217496436494,-27.4089682799882,-1.8131165992668563
2001-05-05,-32.666651193920515,-9.179753499493625,-26.36320788234684,-1.0908092937653828
2001-05-06,-32.2291317575963,-9.12206335415443,-26.22838324660034,-1.1939962848667762
2001-05-07,-32.649879752954,-11.424508185151957,-24.01890199917137,-0.06674321598187327
2001-05-08,-34.67324398819057,-11.107286534628015,-23.853413742566058,-0.13901733730582544
2001-05-09,-33.47650595901956,-10.847361127703824,-23.17186541433759,-0.3414500763073286
2001-05-10,-34.70092790836927,-10.35891512627101,-23.603480639102955,-1.7177935280413625
2001-05-11,-33.55455163212733,-10.680136783687422,-24.019631081451312,-2.0909394607368643
2001-05-12,-32.600633592496514,-10.639643348083675,-26.8986146836388,-1.2166375156778693
2001-05-13,-34.172798865027346,-10.526966773069967,-26.530954452073317,-1.4366499966114457
2001-05-14,-32.78661138762974,-11.719603512202681,-25.9509986209956,-1.2040920052301514
2001-05-15,-31.083066808411385,-12.872015593051877,-27.08524806923281,-1.1487998731682618
2001-05-16,-30.298300089203945,-12.498018145662746,-27.294614130450864,-2.5062159321878656
2001-05-17,-29.056441553108865,-15.555055930698295,-28.26539076909441,-2.393706963989824
2001-05-18,-27.81158457313617,-14.150263079758933,-28.979940290067887,-0.24348710493206882
2001-05-19,-29.177202341504767,-14.379488073502749,-29.601942100878155,1.656811835429086
2001-05-20,-30.024727595670992,-14.454686188450117,-30.505033621851098,2.190840528822055
2001-05-21,-29.380270522371713,-13.577377407251078,-30.67145062012761,2.052073161322226
2001-05-22,-28.691651760890625,-14.386465792955672,-29.97631084800253,2.2176951206568014
2001-05-23,-28.6278076906107,-14.491464660935991,-30.86724446556067,2.2110084514448345
2001-05-24,-28.209032817498567,-15.677495501435603,-29.809349745764585,1.5473194430512245
2001-05-25,-27.210731943024893,-16.547809672350898,-28.870213304840142,2.075461815273794
2001-05-26,-28.692181363540488,-15.542796850391298,-28.28195269623309,2.0365663088783283
2001-05-27,-28.089012036867608,-15.720999677994456,-29.595716790673286,2.046517781219947
2001-05-28,-28.19403817899018,-17.818322562362315,-29.980525840795963,3.463832049246709
2001-05-29,-27.690455148734408,-18.367354724880357,-29.196835557649063,2.4531601204830524
2001-05-30,-28.63952399354524,-17.12879736644804,-30.120668047423106,2.654399087145972
2001-05-31,-28.450866852337082,-17.59387063561625,-31.94902128769701,3.603597287519654
2001-06-01,-28.290476729105517,-18.18815114080909,-31.094029648873246,3.28877033469476
2001-06-02,-30.05987426900831,-17.50022694122202,-29.62364881429765,2.5290594765375234
2001-06-03,-30.020979957183066,-16.205001652287045,-29.807223598036934,3.241413495063446
2001-06-04,-31.284217907693975,-15.28076978892904,-31.952763556683664,1.9520286537910154
2001-06-05,-30.912048950775347,-13.59526219468048,-31.80950617915033,1.8671580367602916
2001-06-06,-31.594724527094517,-14.213092882219849,-32.85269605036185,3.545001557479128
2001-06-07,-31.28052012018824,-14.20573477096739,-30.28865359465719,4.544300592404308
2001-06-08,-29.75258134521981,-12.845807749248387,-30.950090387644078,5.0208435557504725
2001-06-09,-30.482359934467727,-13.459794733895096,-30.001306246304424,6.53654454135862
2001-06-10,-32.09268379931673,-14.540624295790504,-29.884057148456225,6.468606548814683
2001-06-11,-30.446549396346818,-15.40366307014636,-31.78707592314813,4.773970159425427
2001-06-12,-30.95754580316275,-17.440072024704065,-30.301891484759455,5.623074128751947
2001-06-13,-32.64911052577609,-17.39969819222032,-31.373284757301743,7.126225818766841
2001-06-14,-32.82906826254225,-17.913113923409412,-32.43865495637223,6.493637005592733
2001-06-15,-32.43567278109228,-17.157724894225037,-31.958099994319184,7.875570761644026
2001-06-16,-30.96639422024987,-16.659564702861402,-32.098538781130245,8.841553718818256
2001-06-17,-32.17101187121399,-18.652567592631293,-34.15769961005045,9.295921130908594
2001-06-18,-32.37151981333605,-19.919689010103465,-33.83439010272901,8.375346919931935
2001-06-19,-33.11016448707554,-18.43729165000858,-33.19261204887418,8.043261607644494
2001-06-20,-34.08694617617104,-20.28609092773533,-31.134956400028642,7.329284931058503
2001-06-21,-35.3389224853055,-20.150662182663904,-30.746277097754795,7.119722349319291
2001-06-22,-35.702940696167396,-19.561359758845917,-31.527294442495375,5.8082727020953175
2001-06-23,-36.19711792427184,-18.729031039114467,-30.893931293598428,7.035591694018327
2001-06-24,-35.925333671663914,-21.384455790077567,-30.359544782153275,7.418369921840755
2001-06-25,-36.29788929479447,-21.501064388169763,-28.788476635619805,7.1731278895953645
2001-06-26,-36.90316119410418,-21.366736120668012,-27.336437533200073,8.074690489884594
2001-06-27,-38.8501523572268,-21.594877991383473,-28.30480597657829,8.11419825849703
2001-06-28,-39.77093609985027,-21.283052400657944,-30.549417413101384,7.959503951459958
2001-06-29,-39.687089360067915,-21.722175644917044,-30.81896190506676,7.968372371137769
2001-06-30,-40.69729552149955,-23.58936260866239,-30.68388269774597,7.8829353496148835
2001-07-01,-41.33371166917124,-23.759757578822118,-29.535754305981587,8.952768753076725
2001-07-02,-41.75606392455263,-23.469295095944826,-30.47481857603384,8.852639183994713
2001-07-03,-39.510254842345546,-24.089470919766228,-30.498988843093002,9.646520470512563
2001-07-04,-40.2865532595035,-22.929591094242486,-31.017628201253082,10.455956910555297
2001-07-05,-39.69724040326415,-22.30463611239792,-29.927743620680896,11.652253946925685
2001-07-06,-40.16827402718225,-23.854613522052478,-29.417702474429298,12.132242836104846
2001-07-07,-39.597917470359185,-24.549223138821244,-30.725547065121102,11.61674885543566
2001-07-08,-37.63131726665391,-25.435480316507615,-28.928158772720145,11.090492463108896
2001-07-09,-38.31040758736753,-25.986260563501947,-28.658057146398757,11.655991696842738
2001-07-10,-38.30517123826088,-27.797915833711457,-29.468803855710075,11.233462362529087
2001-07-11,-38.00009655458183,-27.160081726292812,-30.01290972360832,10.269169228053027
2001-07-12,-38.35150283501962,-28.528646273872376,-29.133513511120167,11.258320205383233
2001-07-13,-37.34493626128572,-28.483202298134618,-28.313217605229628,11.25441128902213
2001-07-14,-36.2807173318563,-27.11957428029127,-27.823108803983935,11.899469562579467
2001-07-15,-36.09456657181241,-27.943064705611683,-28.66646999647358,12.765162486576054
2001-07-16,-34.06045224755831,-28.915613630970963,-26.649374107754507,12.398879840069732
2001-07-17,-33.326989211555116,-30.797173587297497,-27.18220898233561,11.100139065954293
2001-07-18,-34.134523793544645,-30.76192660243672,-25.739219422732443,11.126803326176201
2001-07-19,-32.582013997427644,-33.39068514732714,-27.01642717896972,10.07373885282406
2001-07-20,-31.669413152569167,-32.95828956960108,-24.460647988395362,10.095213163455734
2001-07-21,-33.59284965663878,-31.680839095024464,-22.814167583617895,10.071470001329983
2001-07-22,-34.21293478612099,-30.969496587702906,-21.665778418210923,9.920120370065595
2001-07-23,-34.145412471480704,-29.241924010998822,-20.9999673720934,9.574762387702807
2001-07-24,-34.106072218012805,-28.95650406131532,-19.596081416070163,10.856331052101915
2001-07-25,-32.41883365984686,-28.50851404490082,-20.68292737949727,11.000139888186432
2001-07-26,-31.71077088595634,-28.38490286473127,-19.40596800418075,10.457731505695282
2001-07-27,-31.84090650711575,-29.42622887504705,-19.435169683722936,10.05341304930656
2001-07-28,-30.065065019496984,-27.79428986188672,-20.550754675291024,9.774703786241501
2001-07-29,-29.39860351174798,-28.464102726230916,-19.41394742626502,9.739026168393204
2001-07-30,-29.11960281570514,-27.08536803776383,-19.717672726970473,11.526229489939237
2001-07-31,-30.443154577765796,-26.304231598998847,-19.124425427787973,11.261171840618967
2001-08-01,-32.11321846036347,-25.41004008124621,-18.76414321920349,11.10318325818427
2001-08-02,-32.884862757844985,-26.185808963270016,-17.178169716582175,10.584650238348491
2001-08-03,-31.999392125866926,-26.13835552577707,-17.89843157325832,10.460564921438193
2001-08-04,-30.205307364837477,-25.737372977753314,-18.45933649440488,10.09077274725276
2001-08-05,-30.082954783052298,-26.834668089943136,-17.832980847839856,9.117049609076197
2001-08-06,-29.696987072525058,-27.442204969181837,-18.190661990275963,7.766682614391749
2001-08-07,-27.155152193414754,-26.061004517489625,-17.88529968709747,6.122911791836388
2001-08-08,-28.14439955894239,-25.05786895993475,-19.51689959757742,4.497288775522829
2001-08-09,-29.092408935493186,-23.764067459608672,-18.60075333008286,5.0374044678391305
2001-08-10,-29.50048520358874,-23.875100436173806,-19.19451740275222,3.72062650044201
2001-08-11,-28.116820356991333,-23.809814008774023,-18.10645630934821,2.9895319324481875
2001-08-12,-27.549486691681775,-21.69831518993535,-18.840499528823674,3.9310802319845264
2001-08-13,-28.898745650012067,-20.133318422034822,-18.54851425792147,4.702400851809072
2001-08-14,-30.123418157919623,-20.50435858975032,-20.264314829771383,4.381539755630082
2001-08-15,-31.37828581659247,-20.67465209868256,-19.887451997942428,4.534116463438689
2001-08-16,-30.751254571950764,-22.092369224506832,-18.47895952017087,4.746869956244275
2001-08-17,-31.200156770472674,-20.960981791996172,-18.569513715158493,5.68508243082508
2001-08-18,-31.889218173618296,-22.096446185450993,-19.190242102004746,4.190836132923615
2001-08-19,-31.976308322143403,-21.299075817033096,-18.78391175572817,4.336277851606863
2001-08-20,-30.75175468323071,-21.659669609436463,-17.37879604691808,5.323205101440542
2001-08-21,-31.01818382156868,-22.086343739781157,-20.048202827311922,4.882015891272753
2001-08-22,-29.731527923291036,-21.627942846593022,-19.733559988413475,4.132964749964029
2001-08-23,-30.0693068955355,-19.49608583955102,-19.04934746219657,5.897393613417188
2001-08-24,-28.96213234236814,-19.262181635243213,-17.287860911994496,5.933713262633717
2001-08-25,-28.943992011386186,-18.648109200519805,-16.446720783519904,6.020831351596333
2001-08-26,-30.235856634066565,-19.215142388372833,-15.55785939366004,6.057826809810518
2001-08-27,-29.138874216850027,-18.551646455850467,-16.045266464147872,6.55090590351846
2001-08-28,-30.634661112518287,-18.989066041472483,-17.074012978552396,6.65484276025348
2001-08-29,-31.07317776127996,-18.011851316425876,-16.008276932983335,5.892346245496868
2001-08-30,-31.968629027271696,-19.34336605680241,-16.04702396031234,6.0524022960232635
2001-08-31,-33.44311737315938,-18.491319117701423,-16.767341230290334,5.025614156059313
2001-09-01,-33.321346791151626,-18.424248985217258,-16.915585775357794,4.175832684127327
2001-09-02,-33.00469641329509,-18.073975247691333,-16.215101427600203,1.7939808990003194
2001-09-03,-32.04738654376715,-18.21844820317453,-16.388813812192073,3.7260995947149933
2001-09-04,-31.44573790198244,-16.25076969765955,-18.01547966567466,4.389578423792372
2001-09-05,-31.097224648979353,-16.963664374343743,-16.88669528717547,3.8124540628371713
2001-09-06,-31.208018690865828,-17.7802923274946,-17.800552746751638,1.9158148037435787
2001-09-07,-32.14318822089669,-18.436419389281923,-17.51346194071122,2.59128775216557
2001-09-08,-31.71260083176112,-19.839872668498618,-17.26726088442661,4.218572573330022
2001-09-09,-31.43633826309072,-21.01458079912935,-18.22907546196749,2.4405566946144592
2001-09-10,-32.345764232927095,-20.87117191015214,-18.27808318267725,1.1231962766665322
2001-09-11,-33.08674804544547,-20.02648455913736,-18.661199856807,0.6156064863087974
2001-09-12,-32.15648735171309,-21.344285420436652,-17.44726256618256,1.8539516014599196
2001-09-13,-32.11147307045689,-21.321512084257048,-16.75421248901087,1.630337271169227
2001-09-14,-31.44383048396217,-20.588163361528544,-17.690121306371967,1.3559462909709974
2001-09-15,-30.55953470041417,-20.900909184260406,-17.726975912885035,-0.5981414450943536
2001-09-16,-31.499533580745606,-19.466575748533874,-18.962624174014223,-0.9846191398562048
2001-09-17,-30.764514451693387,-18.927140023113058,-18.754723043303613,-1.5134663929838974
2001-09-18,-30.543387052377287,-19.05783144923776,-18.617447407362786,-1.5961154451516877
2001-09-19,-31.175331373464125,-17.096103567796884,-18.10999024636461,-1.6762145353895543
2001-09-20,-31.41889777030222,-15.857281126984274,-19.61860806158594,0.40296194427628595
2001-09-21,-29.776412927285836,-14.479676235374583,-19.763909912572675,0.23924746995181304
2001-09-22,-30.903749419915894,-15.349278351231147,-20.227170466000462,2.642431782004926
2001-09-23,-30.486921231594092,-15.57526006134806,-19.927828125747784,3.105590300921145
2001-09-24,-30.582501561945236,-16.090760725282582,-19.37693139926472,2.176574063945135
2001-09-25,-31.43131232118481,-15.827016763843353,-19.2951964720668,2.9131221372231475
2001-09-26,-29.454357790948276,-15.012138750386555,-19.412207801880374,2.0753038332856115
2001-09-27,-29.41723106512168,-15.608451508899687,-19.31884710188387,1.1386907197341647
2001-09-28,-26.581111062195845,-14.19201496060709,-18.23871146728787,0.9080416163227311
2001-09-29,-26.406427645731572,-16.34140926085306,-18.27664531103535,-1.0777146491153844
2001-09-30,-25.268957879614355,-16.14611146551792,-18.204742349704386,-0.29905989366506514
2001-10-01,-24.56674830049849,-16.391563089528958,-17.34421070976337,0.11010159167177702
2001-10-02,-25.997057449036003,-15.25784801393511,-15.496329007102107,0.9421827919536726
2001-10-03,-25.659509936766607,-15.761884725277621,-13.270782739290054,-0.6670528515843192
2001-10-04,-27.110800411190908,-15.50017709510003,-15.277659981198775,-3.679681900840581
2001-10-05,-27.790234109839876,-14.89162920754034,-16.068933554925497,-2.1319664486162506
2001-10-06,-28.935159482393523,-16.026370075629316,-14.600586215677549,-2.6498128449357674
2001-10-07,-27.6228700378594,-15.99425659514418,-14.506250648454602,-0.7930165335472759
2001-10-08,-28.062862191884467,-16.69762208548251,-15.39819458319069,-1.5542254156821362
2001-10-09,-29.08972628799106,-16.200217964233445,-14.483118685337114,-0.6381822673195562
2001-10-10,-29.317004405300068,-17.23195990149986,-14.220278856771396,-0.658717680491749
2001-10-11,-29.015865772865652,-19.265116392923563,-14.766500381849745,-0.5118476452782694
2001-10-12,-29.549836542292347,-19.034555227007775,-13.900902372466362,-0.5865654161678524
2001-10-13,-29.043159382081065,-17.075467855348084,-14.872319068081408,-0.4294453616746309
2001-10-14,-27.89978196063349,-16.844499503389223,-14.839905626789445,-0.14080039243011355
2001-10-15,-28.74092571637252,-16.75808179007215,-16.06685021221597,-1.4073197139638542
2001-10-16,-27.841126240617083,-17.086628395773964,-16.147984860234182,-0.10926121321357107
2001-10-17,-28.171656493878288,-16.159100226011653,-17.374844615961646,-0.3182964037989652
2001-10-18,-28.171724918035338,-16.374062831984194,-19.29249160536732,0.2770933178513051
2001-10-19,-27.49431659478405,-16.224345247551334,-19.444640991794422,0.4544150017995414
2001-10-20,-27.891292016166407,-14.496566160367298,-18.317189285418372,0.43143752823246256
2001-10-21,-29.157802466921403,-14.91508607795254,-17.997706439635415,-1.0955761804696533
2001-10-22,-28.303551874912856,-15.505301492146387,-16.259809090950096,-0.7755544669110651
2001-10-23,-28.202724185148778,-15.049164933821396,-16.32397618257452,-0.8041908676712007
2001-10-24,-29.503045089653693,-14.698447773215669,-15.513485740803596,-2.9809906613653743
2001-10-25,-29.503968426599364,-15.019676859235084,-15.501007581099035,-2.99282240221301
2001-10-26,-30.60021171999498,-15.103985049898133,-15.971129471581094,-1.9805062918893643
2001-10-27,-29.63670799219829,-15.013002935798982,-16.801615312762138,-1.9040208165333181
2001-10-28,-29.06251215965164,-15.566049371142602,-16.420689895012,-1.4195167709499752
2001-10-29,-30.459733432749683,-16.207340346944992,-16.124547304532076,-2.0505807309431594
2001-10-30,-30.398704551509933,-15.476751830688885,-14.522674630402868,-2.232165289244863
2001-10-31,-29.830326146831528,-16.23163001061429,-14.265585939762461,-0.7912931850431872
2001-11-01,-30.397244251563365,-16.761638546773007,-14.083726002409076,-0.33813773354897303
2001-11-02,-30.720677071747836,-18.045594711787594,-14.136274134144337,-0.48103504928302243
2001-11-03,-31.316828451543135,-17.529344568200383,-16.076587216450694,1.3066364758634308
2001-11-04,-31.541762135031867,-16.085754163654514,-15.540346254144039,2.761724853221809
2001-11-05,-31.965941178702185,-16.404759697143643,-16.419114187335367,1.7089748680391628
2001-11-06,-31.984581284324022,-17.14562163798241,-16.09456787345554,3.320918462580814
2001-11-07,-33.400849902149474,-16.852850088439475,-15.214040152014096,3.3917988882708334
2001-11-08,-32.75254068340127,-16.63959856459794,-15.147498970887426,2.039516744882845
2001-11-09,-30.43270119808971,-15.541183134590664,-15.5303203088943,1.9838572856898595
2001-11-10,-28.010330617326098,-16.103400143172465,-16.943172768034785,1.3376108411300547
2001-11-11,-27.25504739436637,-16.08758052687881,-15.742333136533848,0.8343517366251778
2001-11-12,-26.63743644236943,-17.503055394733195,-15.259103260792678,0.5398462355824349
2001-11-13,-27.92034570269285,-17.567095546422706,-15.070730527061619,-0.3461060160420901
2001-11-14,-29.61354011442657,-18.150318873856705,-14.67578543408127,0.8789282283275046
2001-11-15,-29.0291258564421,-15.159458177442506,-15.06627905323846,1.7534304601030442
2001-11-16,-27.823295216649342,-14.01707521132098,-13.695738292276843,0.6867439177787571
2001-11-17,-27.756321033314176,-13.173509109579308,-12.848692544623665,2.788837381102196
2001-11-18,-27.951837409491613,-14.174616187876893,-13.204551011184689,3.8782056435903396
2001-11-19,-27.82606823623914,-14.121930693773027,-13.437874547087528,4.498398361815633
2001-11-20,-28.175391752179603,-13.795764662265851,-14.215980133728973,4.2219522857900555
2001-11-21,-29.490831884535627,-14.95798862057304,-13.548971593334004,5.145468421016228
2001-11-22,-29.552139036577326,-16.450686396057122,-12.963771381408161,5.723395632105221
2001-11-23,-28.958551751394733,-15.539732247082304,-13.180980458338901,5.619863245020972
2001-11-24,-28.907651979313957,-15.43010675741987,-12.813690635453646,5.869236463480022
2001-11-25,-28.65077233694696,-16.10135342746894,-12.045307719059796,6.367309457320468
2001-11-26,-31.137566534124588,-16.345626039864175,-10.752682368713666,6.171567190921638
2001-11-27,-29.485480464474886,-14.366489834623641,-9.072833348642638,3.977448953745476
2001-11-28,-29.865050752607925,-12.680406025455042,-11.007968888948264,5.177523037780525
2001-11-29,-29.192237313840522,-11.875186773852594,-10.103019091927228,5.4153928285976285
2001-11-30,-28.065720784457465,-12.210207165236131,-9.226016396101842,4.65053571340611
2001-12-01,-27.529349847810074,-12.431547868077484,-9.068509051118337,4.639322215565224
2001-12-02,-27.842021765075206,-11.809065880613772,-7.215786153521581,3.624071251634112
2001-12-03,-27.079375809270402,-12.554510037558398,-7.408858746401492,2.6767311853547264
2001-12-04,-26.620054355502667,-13.26090350165987,-7.563694871499124,4.012291008997503
2001-12-05,-27.598584796580212,-12.257952749894274,-6.886361189194474,3.66536560052423
2001-12-06,-26.59766476331188,-13.107619010198327,-9.109535425466316,3.409549909479403
2001-12-07,-26.412828365735955,-12.645960550768223,-7.87040070349065,3.7965812904236333
2001-12-08,-27.160062348498535,-12.916520622070523,-7.775222969939353,2.219543552438854
2001-12-09,-26.909672079935465,-12.337584371536662,-7.894996434432125,0.7255450202206362
2001-12-10,-26.715149760364266,-13.399874998628565,-8.223074888428613,-1.009936030299449
2001-12-11,-25.232373524103764,-12.111816071377234,-7.501883448665279,0.20483242483463648
2001-12-12,-25.44890631161494,-12.57485743265346,-6.22875070321845,2.0561039253731455
2001-12-13,-23.895595766814342,-12.83017528576347,-6.772931480809344,4.227102020682604
2001-12-14,-24.07499873092383,-12.47228154090964,-5.943683752826271,4.062888073228007
2001-12-15,-24.30553004921361,-11.48279547204142,-5.945265050802855,3.759160755639946
2001-12-16,-25.350511394038058,-12.115050025862512,-8.008363405667216,4.396632631019472
2001-12-17,-25.336352672499988,-12.054709896934758,-6.749022463299803,3.124481535576134
2001-12-18,-23.673037536735176,-11.240679339361023,-7.462005521429235,2.448442021917945
2001-12-19,-23.625060082136237,-11.360175583953206,-6.879218356136437,1.7135917909299525
2001-12-20,-24.42033000221064,-12.018751902432777,-7.070205805890651,1.271583720512096
2001-12-21,-25.570906525886752,-12.224849375471424,-6.507730391487027,1.241667474981464
2001-12-22,-26.472389206440884,-11.308092736210305,-6.10566424345062,0.7193111941747883
2001-12-23,-26.086860060268474,-13.143457748861513,-4.708925110587494,-0.2850822318987045
2001-12-24,-24.90336873088229,-14.789473872981919,-4.632772306344534,0.6844415007554652
2001-12-25,-24.302137901178273,-14.880035967670066,-3.3121546799455266,0.5295883686883167
2001-12-26,-23.466073981362694,-14.350110847333681,-2.1156857268898834,0.5243177741600878
2001-12-27,-23.886755146533048,-14.644206825076436,-2.0802110499272652,0.8124056808376634
2001-12-28,-24.782994774346616,-13.8936368538954,-3.207008564291959,1.9538100193297157
2001-12-29,-25.700685232746114,-12.0367477380168,-3.596412089514553,2.6235140618262953
2001-12-30,-26.026817722730193,-11.591493373182095,-2.40056899848139,2.773980533388333
2001-12-31,-24.091906078687284,-10.634798032854892,-2.961173119852434,2.706743115513938
2002-01-01,-24.1560337937912,-8.790278413332725,-3.1521608265180294,4.86252310355963
2002-01-02,-24.759914371520782,-6.995649406141944,-3.040160676054516,4.3559752007287305
2002-01-03,-24.473700866356175,-6.145014156711196,-4.350760757079392,4.705460054653093
2002-01-04,-22.97881691744264,-6.28484862402899,-3.4007974550614306,4.0700597263295375
2002-01-05,-23.942669002225603,-5.984382084360533,-6.01068299864211,6.539865923611877
2002-01-06,-22.616097792046666,-6.861556141544149,-6.564346496023951,8.353108635781428
2002-01-07,-23.259422852375632,-6.310808990619614,-4.910668308516883,7.520194904745759
2002-01-08,-22.732432393989885,-6.351604817113165,-5.288228545173147,7.383806617594055
2002-01-09,-22.812540796377156,-5.406128341759628,-6.046331847042328,7.5770597967978155
2002-01-10,-24.02058337600515,-5.457905594396656,-7.200598893841199,8.757364767191387
2002-01-11,-22.93218466394397,-4.725831960046619,-7.7746661920245295,10.170631676789876
2002-01-12,-23.013643113765532,-5.215528621154965,-8.110632332426146,9.524379516142984
2002-01-13,-24.298619661012403,-4.257689492886725,-9.080977847513061,8.769301265458303
2002-01-14,-23.932215577218567,-6.745020411423919,-9.197856094414677,8.850877877964166
2002-01-15,-23.47457205773647,-6.8842357275348505,-7.610171792370658,8.849067433953481
2002-01-16,-23.813765623249374,-6.447717762152077,-6.586109402649998,7.5239253808734805
2002-01-17,-24.404066672093183,-6.849349191325334,-5.109311194137806,7.83604998643571
2002-01-18,-23.58621505372787,-6.3388496749210645,-5.7274207059739215,8.357732443748493
2002-01-19,-21.576825947359588,-5.7351774308133425,-6.967104691331736,8.261203834443114
2002-01-20,-22.082923589646455,-5.402397497107406,-6.096526595939203,9.239585529637667
2002-01-21,-20.877068364912542,-3.748557778216692,-4.660816302922451,8.673612919365468
2002-01-22,-21.375173213952273,-4.33496727229273,-5.260755618314539,7.448842702631344
2002-01-23,-20.38727049280279,-4.813833581915883,-5.077026310555974,7.142302621272074
2002-01-24,-20.90427643298068,-4.545034835497804,-5.630531917052152,6.636389750159764
2002-01-25,-19.824388369287046,-2.998789269867303,-5.9111136415089085,7.856747502416765
2002-01-26,-20.27039997282845,-2.136703750996358,-5.467631948632521,6.30816357423118
2002-01-27,-20.91623777150358,-3.731656701056882,-6.8236242031674905,7.264499383958601
2002-01-28,-19.016633577482533,-3.487868606265237,-5.763244650307477,6.264821447048886
2002-01-29,-20.637380580680688,-2.2873336682850525,-8.282444679096255,6.1334528098133765
2002-01-30,-20.826712655313006,-2.2330002664855533,-7.391801975897178,6.127957876823912
2002-01-31,-19.552158467156183,-1.2086308045033063,-7.023276347195911,4.161862836552976
2002-02-01,-19.476600339211483,-1.4828350252638427,-8.158016150249981,4.880707546501819
2002-02-02,-18.042181090317143,-1.3733141141390544,-5.877437404059494,4.727511386050263
2002-02-03,-18.321730361825068,-0.4730664834432806,-5.881543757614729,4.982024048750648
2002-02-04,-18.520375435502967,-1.6710915082667368,-6.567199917976876,4.6089523550117155
2002-02-05,-17.63192277961748,-1.8889464018243856,-4.677038562861954,4.015097216075835
2002-02-06,-17.1659226226945,-1.1317535050187595,-4.369568423567159,3.850333743786585
2002-02-07,-17.36166608778295,0.32217532938114823,-2.171948500465986,4.060814569215319
2002-02-08,-17.094580848417774,-0.43236458282902535,-2.383102677780727,3.278504888420535
2002-02-09,-17.06786816906694,-0.7220453275091645,-3.750555590706,2.0687570137379225
2002-02-10,-17.39930811858642,-3.2924685340310402,-3.1352299769757535,2.817488044683966
2002-02-11,-16.99998159118861,-3.669695386649921,-2.633228714930387,3.7675850349382385
2002-02-12,-17.3574391884984,-3.3954730800987587,-1.907020375115823,2.8274669811476922
2002-02-13,-19.853674887001706,-2.590413685736892,-2.9458739247714867,1.4476530300713315
2002-02-14,-19.528958657185093,-2.2446962361143865,-2.980814471908382,1.1505962211199725
2002-02-15,-18.714271043576897,-3.084766094725289,-3.9412357334523476,-1.6917008521532872
2002-02-16,-17.18789023941692,-1.671115626854133,-4.635479284432869,-1.0274216395725206
2002-02-17,-18.049188729829595,-2.761715930720146,-3.783852693688419,0.6154420036178461
2002-02-18,-16.911466927686273,-3.7052329997939597,-3.405326048883418,1.2136160838481962
2002-02-19,-16.2094918643015,-3.531206738683219,-4.434779647689037,1.6280531775758171
2002-02-20,-15.53620369208078,-4.458904916659763,-4.484341332400704,1.5425397441064153
2002-02-21,-17.381304544992798,-5.1972240818730375,-4.81593215361665,2.352480821578488
2002-02-22,-17.125823963126834,-3.253771383541512,-4.514405950641657,1.8139091790145125
2002-02-23,-16.216407919772653,-2.5523834727693817,-2.2417343208003886,3.1376626262579626
2002-02-24,-16.982499763274912,-2.1160454972344356,-3.0529691714310476,4.128578761680345
2002-02-25,-14.373754106766121,-0.9007487505816243,-3.1062071331702485,5.634541194554272
2002-02-26,-15.620520577465328,-1.4782096768895885,-2.4594634505454813,5.511531532330357
2002-02-27,-15.060178928361012,-1.409433644770228,-2.0559937252288845,6.938911951757397
2002-02-28,-15.213765541836487,-2.54368313439763,-2.087281655747896,6.236704362740171
2002-03-01,-17.028121873874124,-2.301067565684774,-0.8111994371967661,6.061064807194487
2002-03-02,-18.3723490914773,-1.8309096087995185,-1.5242545345803065,6.658655082508989
2002-03-03,-17.19533531958813,-2.1940421169672275,-0.2857238102609778,7.833976333531179
2002-03-04,-16.65488031163139,-1.073731929720515,0.2431863815001436,7.3513461931066395
2002-03-05,-17.0402597524677,-1.4876155414898058,0.30820179113011564,8.10738536300768
2002-03-06,-15.521539620116286,-2.007419983899579,1.761507762967341,7.712915110170156
2002-03-07,-15.833503308794334,-1.0762770578455356,2.7098691580526753,6.767786090444488
2002-03-08,-16.591522913780672,0.4022908023111127,2.019196587721008,7.068336715550937
2002-03-09,-14.557363864362591,-1.1634971328869397,1.1793645624882196,6.581323035977342
2002-03-10,-12.882935679745277,-1.0867332139928993,0.5107514959512781,5.4868135672432174
2002-03-11,-13.22706142613233,-0.7011018022809054,-0.9292077976978202,5.4041660192502246
2002-03-12,-13.108461470099908,0.6475337086527216,-2.4822359552994415,7.38042139557176
2002-03-13,-13.727957861005608,2.1314615414636315,-0.5382512710665956,8.89219427995734
2002-03-14,-14.071993364907076,0.3942909605014271,-0.21115514286470527,9.56405581142598
2002-03-15,-14.672890730916828,0.6627159766500451,-0.35786299071728184,9.135947531470705
2002-03-16,-14.52369081599826,1.324435873139336,-0.6339098292182415,7.709508141780022
2002-03-17,-15.88394356347227,2.060237101779027,-1.6631289503259012,6.97144679981405
2002-03-18,-14.098720885809243,1.7894815509036317,-1.9224092330959524,6.643777021760974
2002-03-19,-13.339130105367373,1.9097393925686335,-0.8609915846802425,6.564316009359142
2002-03-20,-14.966131080477027,1.3454700030271,-0.3923670920027521,5.656982404606685
2002-03-21,-14.928499435766888,1.5231963819326877,-0.6937470177316449,5.696362090662506
2002-03-22,-14.861901079327788,0.04562763054332586,0.5960441352193304,6.446879271329954
2002-03-23,-17.013882448420812,-1.3333025823376068,-0.42168549537378164,7.993062375960906
2002-03-24,-19.784698108003937,-1.8009243561770971,-1.280469712984988,5.6804418079033265
2002-03-25,-16.109981478498124,0.029969011659633615,0.037825455586789625,7.628873210912395
2002-03-26,-16.060336454006112,-0.532012563994086,-0.30787268278774316,7.47790902329135
2002-03-27,-16.14512888583448,-0.3813599712400091,0.7323820945266415,5.6128514557142015
2002-03-28,-17.59111377151969,-1.4676877569393851,3.2093516770048307,3.9035555992531004
2002-03-29,-17.83723070145162,-2.491733751774707,3.2411176568751907,6.7468143077579255
2002-03-30,-15.4452842791659,-3.2751793753128133,3.3338878831777587,8.292557262195576
2002-03-31,-16.248621150413957,-2.816933537453753,4.008586912691353,7.050924926598734
2002-04-01,-17.27379179377494,-1.8576340157958668,5.733651170683288,6.192552159729555
2002-04-02,-16.591303012030483,-2.1297095640629067,4.801761696015834,5.406930480470142
2002-04-03,-16.10493758944487,-2.266041248134573,4.327435694544963,4.714811537750638
2002-04-04,-16.735368246027985,-3.2200221326446177,3.472926298883382,4.777127412170743
2002-04-05,-16.778051513019264,-4.107447736031486,4.070710160680406,4.0909642281844825
2002-04-06,-15.88613291853338,-5.065968401034871,4.278918675523991,4.679704840348412
2002-04-07,-16.619020291123256,-3.701325371223697,3.94138893284952,4.174593193889331
2002-04-08,-16.466790607115716,-1.649054224251342,4.600378741562187,3.4001316387573226
2002-04-09,-16.562236999853575,-0.9973795263509095,4.529278943444768,4.721484859133802
2002-04-10,-16.323488832678148,0.3916167802025141,5.101013195036366,3.507924483552676
2002-04-11,-15.593436553464302,-0.08374519021778065,5.120168134671889,3.9367249941256763
2002-04-12,-15.002064865181014,1.8761161780361133,3.780835951228582,3.2611205127254177
2002-04-13,-13.429795794209914,0.8528761073347257,4.2872935802881456,3.25308698023184
2002-04-14,-12.116130063038927,-0.3951848030800704,6.023356551005958,1.0725161165941746
2002-04-15,-10.42915588584176,0.5661231105257024,4.373728799616092,0.20512668203057094
2002-04-16,-10.804829426643362,1.584149502170551,4.0126394904814955,0.0795976572441135
2002-04-17,-11.915451924473299,2.516261577804727,3.0212839510313536,0.4468577214268674
2002-04-18,-12.490986376449426,2.3635143181173777,2.947373588718266,0.24897651812279883
2002-04-19,-12.699762570440162,2.2186638856279637,3.1409761012616086,0.6158751676800953
2002-04-20,-12.442392204851453,3.691540754652004,1.6295572307033142,0.8361526057295019
2002-04-21,-12.109588153763182,3.207670429208427,2.411158586278858,0.42422708262779046
2002-04-22,-11.82480042247614,3.844772143752655,3.7824631089536065,0.6400220706096923
2002-04-23,-11.109504121138261,3.46931150209212,3.777679050895073,1.995014904185748
2002-04-24,-10.260557621712989,4.879575495337443,3.3198799633212213,2.0814443007346797
2002-04-25,-11.807243729482586,5.273630603580975,5.433584319175145,4.273524579810793
2002-04-26,-12.944126852579084,4.737530496058467,3.638197293127031,4.404727544294141
2002-04-27,-12.400521291103466,6.569870833979919,3.040501222766432,4.758499638578546
2002-04-28,-12.81414874368537,7.7333922492424305,1.534442579140565,6.041522154892684
2002-04-29,-11.700014498338405,8.410336383028492,2.4093206884101432,6.165629104153441
2002-04-30,-12.043096500971124,7.925311984470474,2.544127779812208,6.721608131842765
2002-05-01,-12.610929270420055,10.222267220958605,1.3622450041623702,7.5657680862650905
2002-05-02,-12.628013598145019,11.245072943715423,1.180399433127668,7.555728823207032
2002-05-03,-12.483908987767837,11.64444740203289,1.1481118442174552,8.484319587161055
2002-05-04,-14.271095418212175,11.902690477265217,0.45925202436700896,8.283514525490444
2002-05-05,-14.240126478334858,9.968988223922697,0.296184524383868,7.499452792423697
2002-05-06,-15.934323882392741,9.66381461849069,0.37496678327263333,8.895744686242256
2002-05-07,-17.37273498909743,10.276604005406824,-0.6557052479894598,8.57893587102353
2002-05-08,-17.633923196380266,9.298482716694894,-0.5395341349114952,8.23694822975205
2002-05-09,-17.812842092024507,10.139318688910683,0.6555498063825932,8.690085004837313
2002-05-10,-17.813392041191964,10.836988027422695,-0.8984030289617703,8.526132867267169
2002-05-11,-16.852313403263373,9.400679617117785,0.2166665635442585,9.263643388339634
2002-05-12,-19.007741038416007,8.797128508400018,0.6661657042591368,7.255626475169038
2002-05-13,-19.30185248968316,6.100533181021399,0.7475031446782829,6.7337389903919105
2002-05-14,-18.956707235340183,5.206388647762167,3.5499008312128275,7.773624276247032
2002-05-15,-18.895006157705748,6.7555597867732775,4.985916907813506,7.974553785125976
2002-05-16,-19.066396105343372,6.872089041631234,5.69192289661822,9.156624601129373
2002-05-17,-19.075182517789205,7.21879120868053,5.497518795047029,8.829898923198618
2002-05-18,-18.17301037368634,7.3418207793619095,3.845367246298472,8.306803004621038
2002-05-19,-18.425655342878496,7.240175258345773,4.2919499096767,8.409163418591348
2002-05-20,-16.365920759238485,8.219726561089603,5.8122078970982285,9.048711430646598
2002-05-21,-15.573671167084356,9.018284171874873,6.825749313410336,6.99538472986827
2002-05-22,-14.30720772143735,10.466231470263008,6.237097495019804,9.113452370796509
2002-05-23,-14.09585153882604,11.436680325249675,4.823007526522494,11.202023533971708
2002-05-24,-13.441860434753911,12.886373781583186,4.666500590677254,11.003684046627729
2002-05-25,-13.345956192180001,13.509757319931404,4.526719005319061,10.92089021411271
2002-05-26,-13.471303261048694,12.19486190034718,5.249408896683093,11.526378226984445
2002-05-27,-13.782271432850843,11.784612581307943,4.622146707105911,11.727143548218326
2002-05-28,-12.168828937500164,12.953150481472237,5.971564364329975,11.02602494550282
2002-05-29,-11.740410268757834,14.5753332173486,4.089244805451538,11.52823438677608
2002-05-30,-13.728011676802057,15.433451736033918,4.966604419610661,14.212947025651808
2002-05-31,-13.866803401898114,16.059245281218853,4.166006882857967,13.661802370156396
2002-06-01,-14.15458853327707,16.642184602789044,5.063563204466036,14.996705113422232
2002-06-02,-14.339826921049488,15.17296173087936,5.055166557207378,15.084766412614416
2002-06-03,-14.303641237081699,13.590427764049238,3.316448601535237,15.193327179300152
2002-06-04,-13.99615801821283,12.635844272937069,2.805943078659616,16.8130646751852
2002-06-05,-12.337167217562584,12.99498828349887,3.8814657676325997,18.010570789911213
2002-06-06,-13.596163705579038,13.41545197962165,3.0432773804031337,16.918095333082086
2002-06-07,-12.318353242890215,14.171750508267703,2.0863257071012202,14.589643884647206
2002-06-08,-12.813117792719877,14.34139242377803,2.3691478863448503,15.564805292938683
2002-06-09,-11.994426153713482,13.899231697860014,4.1519622621740595,15.079644861904853
2002-06-10,-12.318512309151245,13.519896188375865,3.952947964210726,14.869929834795451
2002-06-11,-13.686130104350795,12.735189313608291,3.9844324918572576,14.724173514037151
2002-06-12,-14.630342648298228,12.988628243456272,4.0563269331698235,14.744857253842579
2002-06-13,-14.572451523999208,11.284777638632237,2.5185156411601968,16.59255558450868
2002-06-14,-15.160574582057013,10.051395082385785,2.284235937744687,16.094074237799127
2002-06-15,-15.374892287673914,10.190719783300592,2.4632305148972815,15.159741477839276
2002-06-16,-15.096513203378949,10.533367200964868,1.3693630855243966,16.752436931251903
2002-06-17,-14.138868295541304,8.911376080348372,2.0994146649278824,16.83469528280678
2002-06-18,-13.85033787393509,7.621750984808315,0.1610304939224203,16.05785354219758
2002-06-19,-13.93835552946838,7.631788711826983,0.5291984575249261,14.869366030501002
2002-06-20,-12.76525374065405,8.843680460835365,1.4962291498523301,13.819544365615057
2002-06-21,-12.696127211114769,8.115496102097211,0.8859863130491106,14.224115173032521
2002-06-22,-12.412022576851408,9.237375799325468,0.9997614400584779,14.978182619418192
2002-06-23,-11.127225840972342,8.724375550268379,0.2287977359574298,14.492416222958283
2002-06-24,-12.231847814707544,9.347112184828717,1.735129099006687,13.587112114686215
2002-06-25,-12.922941135456737,9.22987431292907,1.372516028787246,12.318685900334131
2002-06-26,-12.149819901823593,9.081519962651926,0.9781365612747082,13.313239239889906
2002-06-27,-11.588001021396764,9.122019952827982,-0.7457585279294066,11.366070610351368
2002-06-28,-11.704672271100922,9.027978776003499,-1.6310531017892655,9.830930775917114
2002-06-29,-12.405003270967162,10.00121961751868,-1.7983132129615205,9.336918617328694
2002-06-30,-13.42261570934397,9.103841879157743,0.07335456321157507,9.018166821159365
2002-07-01,-13.881547174782872,9.283929124547486,-0.5530740451261572,9.071717017568545
2002-07-02,-12.714481101249204,9.189675233782356,-2.3358004003731376,8.371598581140763
2002-07-03,-13.75708368422516,9.316450795078586,-3.4174253231402636,9.391413481743657
2002-07-04,-11.871359664917817,11.345596752761299,-3.127906597728549,9.203497026235395
2002-07-05,-13.748766177859963,11.54454403617954,-1.5273739032836167,8.676910836770151
2002-07-06,-13.959880801420942,11.589153586964882,-2.6486233744772054,7.929852897911211
2002-07-07,-13.08482408276048,12.254767432844874,-3.0951994544733576,6.907717476914333
2002-07-08,-13.040904779000403,11.320999365488298,-3.780923570995018,8.08346599469809
2002-07-09,-12.032853674495566,13.657526022166318,-3.6315884003135914,7.666460565557958
2002-07-10,-10.993468514633724,14.014687643526406,-4.16395833810225,7.957428149575781
2002-07-11,-10.382164414814826,14.41659745454888,-4.333801991336529,8.022129337258894
2002-07-12,-12.670766771246377,13.165694950051833,-6.368348886655521,7.759853331846965
2002-07-13,-12.791137778133985,13.930622956217945,-8.473848057104389,7.320936537152845
2002-07-14,-13.224349374954942,13.267099470617733,-9.408903852366084,7.5866407978874575
2002-07-15,-12.699368749481547,14.899985329392582,-11.781040097123292,7.5351283100322535
2002-07-16,-11.092082142778889,14.464495425804094,-12.853040164296882,8.005515718715179
2002-07-17,-10.837457971571634,14.036702046861626,-13.712594172903719,8.527029839108259
2002-07-18,-9.44057769782584,14.9315221608902,-14.75000203242744,9.487700098139259
2002-07-19,-7.61425684397193,12.632149392839704,-14.218065973301677,9.599961358793147
2002-07-20,-9.154172181109491,13.108855654965465,-12.549014285793069,10.889659671850428
2002-07-21,-8.091335068284206,12.85987946459113,-12.584554042065776,8.764739464525107
2002-07-22,-8.109317947140463,12.780850950380053,-12.632158870916898,9.380076957829344
2002-07-23,-7.327878279272436,12.99015167999173,-12.4845703280349,8.901443570552747
2002-07-24,-7.995385598005896,13.58197271682397,-12.482964155333454,10.492795628243709
2002-07-25,-6.608829051943344,13.437047438796393,-13.371045787053651,9.7768825579957
2002-07-26,-4.629433382928702,15.089299687320068,-11.421672876084722,10.537919696007178
2002-07-27,-4.1839158877520495,15.713635999229211,-11.935487166992619,11.494160948017363
2002-07-28,-2.826096744859825,16.511098343270124,-11.650681465639332,10.910121061868892
2002-07-29,-3.5842203122858995,16.940767505678295,-13.053995343055476,10.3935215072888
2002-07-30,-5.00525438796947,17.95436696373417,-13.311379039675458,9.493733681526988
2002-07-31,-5.305483936646578,18.497730538632343,-13.521607854501333,10.306181825698324
2002-08-01,-7.279609463170901,18.829426385613946,-13.215211706119044,10.972927500254283
2002-08-02,-7.81703659283369,19.254685671242807,-15.080987138540628,11.004375098751039
2002-08-03,-9.898286158798404,18.635743485053496,-15.089054643278155,10.056220843730339
2002-08-04,-8.612349656351206,15.677351692491918,-12.391150136410385,10.919901471685668
2002-08-05,-9.526728088486339,16.125465901508043,-12.964608756660116,10.95223046985389
2002-08-06,-9.119809935777232,15.479826039307625,-12.39197255223693,12.098527837014137
2002-08-07,-8.739262298547327,16.770123546070835,-13.29892818126818,13.290981980717751
2002-08-08,-9.887395691737716,18.35848982084837,-11.907234292478421,14.402542364778139
2002-08-09,-10.232588487006442,19.742458661211792,-12.538862757329309,13.508847518870066
2002-08-10,-11.074766969146822,19.011572501417007,-12.793560365624085,15.613067809553508
2002-08-11,-10.656880428389352,19.665061388201934,-11.975757909937187,15.60681854349801
2002-08-12,-9.922194465430367,18.296323775341122,-12.17901736823642,13.228628144260144
2002-08-13,-9.529727151724138,19.208515339957767,-12.115936064748205,14.02913680289678
2002-08-14,-8.878342067050461,19.634589467019488,-11.243284043046899,13.825429858868965
2002-08-15,-8.992423525932512,20.48120724926162,-10.085924774152392,15.118934019439537
2002-08-16,-7.831819500266526,21.265142077120046,-9.387875311150351,15.093788190467322
2002-08-17,-8.350997880568181,21.75618979684505,-9.097432817642234,16.33401169950474
2002-08-18,-9.487973565169506,22.630227774698326,-7.107292191388229,15.715044647907348
2002-08-19,-9.239874666146429,22.19396875689542,-5.618672196680586,14.477364536783208
2002-08-20,-9.31648627017185,20.847242677840455,-6.514762710801998,14.17832056249308
2002-08-21,-8.601403641025467,19.91404822199312,-5.879540545656087,12.503777637690703
2002-08-22,-8.05240846853601,20.001662666892646,-6.260540712212174,12.525344074546096
2002-08-23,-10.587767702897557,18.03300188318389,-6.319316728547523,11.549260617059035
2002-08-24,-11.616866295123256,18.49113454300575,-8.139648902733043,9.662034923370452
2002-08-25,-10.088482150580754,19.28896677615355,-6.975065785098346,10.55998042495274
2002-08-26,-8.696764918661222,18.476442389508776,-6.511645231794058,8.645890524659404
2002-08-27,-9.5928367600382,19.277159838426943,-6.1147792982435245,8.109754014097215
2002-08-28,-10.796875503205163,18.798465427759457,-4.795961056300305,9.79291911879836
2002-08-29,-12.51315806483827,18.51221245338628,-3.8603734471621047,11.54195747465145
2002-08-30,-13.193621895090992,18.607607058824772,-3.107240156578338,11.284736788120565
2002-08-31,-11.25938280593042,19.16058699112181,-4.73480451824229,11.035438670644242
2002-09-01,-10.780496819824323,19.36557878017532,-4.192317993784156,10.628709298664786
2002-09-02,-11.08836879929877,19.850583006811593,-4.09352126999668,11.364404656092173
2002-09-03,-10.023169520067789,18.800317634778683,-2.8266441386212584,10.281651523947025
2002-09-04,-9.14216434786546,19.12895548270566,-2.87135963490603,9.96646998676518
2002-09-05,-8.47904237629757,18.099147971562125,-2.4764968135879877,10.106908649171908
2002-09-06,-7.599514682312823,19.517772493009918,-3.8580097609983017,10.06269619712563
2002-09-07,-6.708035439678678,19.182194682157515,-3.418698690863924,9.236014802574172
2002-09-08,-7.79880186250909,19.718998014551747,-2.9256026367832138,8.596218404946514
2002-09-09,-7.813632852909341,19.224717686174014,-3.557937805315803,8.545335987676745
2002-09-10,-8.202550600542589,19.5382697892003,-2.098318719942405,8.729589053182886
2002-09-11,-8.323094810473874,21.199271081032833,-1.5654686412795908,8.443854323797368
2002-09-12,-7.5746394646772695,20.046625588190835,0.7292576042138248,8.223341380335064
2002-09-13,-7.632459957598905,19.81271986402483,1.562894745709405,10.54494834926009
2002-09-14,-7.819506310409299,19.966315955113178,1.855921992081688,10.83434450334437
2002-09-15,-8.849662520267639,20.578260118189338,1.6520741292244692,10.684329401849487
2002-09-16,-8.096806723480094,21.79309905264588,0.22142265048298038,11.162035644094598
2002-09-17,-6.179206968229184,21.940323174885002,2.12528380220032,10.239410192307627
2002-09-18,-6.380662972725982,20.61324609381494,1.8359236259552671,9.118068389222845
2002-09-19,-7.4300860320798074,22.071523579624227,3.3193465045710124,10.321929150626968
2002-09-20,-7.58789770260778,24.26111812801823,3.7176462594732635,10.691343320322956
2002-09-21,-6.913321119044063,24.087312376415678,4.204360855078068,9.526705685204515
2002-09-22,-6.131919364266954,25.375480785358132,4.687407832593603,7.715321290089542
2002-09-23,-7.093785168472259,25.237434590525744,5.107844391489477,8.061651369731257
2002-09-24,-6.5816288956301285,24.61609522798798,5.604031697992684,5.572735693699773
2002-09-25,-6.950339756728638,25.381226876401605,5.210030995042603,6.6512986697187575
2002-09-26,-8.272385076111059,25.540252078254813,4.518349999306744,7.161899855526941
